momentum,top_n,stop_loss,universe_size,total_return,annual_return,sharpe,max_dd,trades,stopped,win_rate
ret_1m,10,0.03,100,2345.892162513271,96.15434427508782,1.9623261669656478,-36.04370992399046,512,306,29.6875
ret_1m,10,0.03,200,4315.902104338859,122.16201230415784,2.065017713613089,-39.675736062508946,535,312,27.663551401869157
ret_1m,10,0.03,500,4092.5510564484666,119.74525995646981,2.12338778339259,-29.793255297515458,550,276,16.363636363636363
ret_1m,10,0.03,1000,932.5798382704754,63.55856237984294,1.6445747071959083,-29.79325529751548,564,227,7.801418439716312
ret_1m,10,0.05,100,1729.5914638542395,84.51313332497116,1.8574965514916455,-36.825495157672265,506,255,36.16600790513834
ret_1m,10,0.05,200,3745.243364069686,115.77707958324446,2.0392757873996583,-40.909677650937596,530,262,34.71698113207547
ret_1m,10,0.05,500,3012.292776723008,106.37178694456458,2.034726940899779,-29.79325529751548,548,252,20.072992700729927
ret_1m,10,0.05,1000,971.6304826534637,64.84307091627579,1.6366005420922045,-29.793255297515476,564,217,9.042553191489363
ret_1m,10,0.1,100,938.2878663727266,63.74868570346442,1.5029842383652638,-44.969017794210885,496,165,42.74193548387097
ret_1m,10,0.1,200,1901.279556246608,88.03397839369711,1.7386039214619713,-39.258441668319215,519,166,42.77456647398844
ret_1m,10,0.1,500,1289.7149070459611,74.12416900424408,1.598661771520776,-29.793255297515476,547,198,25.59414990859232
ret_1m,10,0.1,1000,1078.8646350568667,68.18965173806481,1.6792358327719432,-29.793255297515465,564,194,12.411347517730496
ret_1m,20,0.03,100,1092.2271939693437,68.58962963752549,2.154740995958091,-28.380846719670195,992,577,31.653225806451612
ret_1m,20,0.03,200,1829.8844490273289,86.59999192499635,2.1398705802981643,-30.389093287984597,1037,600,29.701060752169724
ret_1m,20,0.03,500,2436.6077868306174,97.66554892392256,2.4149515351727344,-23.682827909526072,1077,565,20.42711234911792
ret_1m,20,0.03,1000,1804.7107654065896,86.0843842550212,2.492933544127018,-20.944069103845916,1117,459,10.474485228290064
ret_1m,20,0.05,100,854.6329412079901,60.875450459997516,1.9938957818816996,-28.391528748374828,978,468,37.93456032719836
ret_1m,20,0.05,200,1401.3616075236282,76.98292654979765,2.0050726747593886,-30.60617058896747,1024,503,36.03515625
ret_1m,20,0.05,500,1825.304193908108,86.50657574569556,2.2481619765136722,-24.51512898870928,1073,500,25.256290773532154
ret_1m,20,0.05,1000,1784.4117140020326,85.66468718325662,2.4803908388973794,-20.695682588531874,1117,426,12.981199641897941
ret_1m,20,0.1,100,456.8705047738315,43.60167976206459,1.5216690626225882,-32.651235470843325,958,266,44.258872651356995
ret_1m,20,0.1,200,830.1887030944193,59.99843174751849,1.6759356644979695,-33.76998430033833,1005,305,43.28358208955223
ret_1m,20,0.1,500,911.0874293213224,62.83516490661902,1.8033872875851953,-25.52380272440862,1065,351,32.018779342723
ret_1m,20,0.1,1000,1293.6890425164065,74.22898593415843,2.299912805877594,-23.130901831175354,1114,354,17.594254937163374
ret_1m,30,0.03,100,710.1001478541144,55.404849390759516,2.1716852064976213,-20.3254677848516,1395,810,32.903225806451616
ret_1m,30,0.03,200,1261.512913235816,73.3734720866328,2.2334047389677614,-28.861060675094574,1520,865,31.25
ret_1m,30,0.03,500,1478.02125441489,78.85008032624417,2.3854781731999166,-27.282884392183206,1598,858,22.090112640801003
ret_1m,30,0.03,1000,2257.600694470769,94.64042731764373,2.838187031172264,-20.701709377641507,1648,721,11.95388349514563
ret_1m,30,0.05,100,557.4334419410422,48.714492471663064,1.9635046881119622,-20.25320081959506,1368,649,38.59649122807017
ret_1m,30,0.05,200,982.3765381022248,65.19005368938133,2.074622066376242,-26.442654300547407,1493,723,36.570663094440725
ret_1m,30,0.05,500,1109.5595718408206,69.10319735696045,2.1724570060581745,-27.950016083556907,1586,739,27.30138713745271
ret_1m,30,0.05,1000,2105.5119317230924,91.9242579921735,2.825940680558118,-21.222321044347677,1644,658,15.085158150851582
ret_1m,30,0.1,100,316.4816616154073,35.07439639333405,1.4609656263172035,-27.26535876725326,1331,342,44.552967693463565
ret_1m,30,0.1,200,563.6966010874936,49.01194205224313,1.6681224759807591,-26.990465140797404,1464,405,43.71584699453552
ret_1m,30,0.1,500,579.6346073389738,49.7589989747496,1.6622381025604673,-28.921096614782538,1569,497,34.09815168897387
ret_1m,30,0.1,1000,1563.8902420891202,80.85837712079747,2.499688280023044,-22.08703014498783,1635,516,20.733944954128443
ret_1m,50,0.03,100,476.77930802364494,44.668653749176414,2.0965311419538737,-14.796925135129241,2037,1231,31.566028473244966
ret_1m,50,0.03,200,836.7613228993538,60.2360175905545,2.3291999652366164,-18.00484781108435,2408,1399,31.81063122923588
ret_1m,50,0.03,500,1108.6709425614195,69.07700852667,2.521805231304515,-23.126968029325365,2595,1382,26.011560693641616
ret_1m,50,0.03,1000,2063.7604136271475,91.15280952880195,3.126488691922406,-20.51751355530348,2685,1243,14.860335195530727
ret_1m,50,0.05,100,381.19302924142363,39.24875253199964,1.8510678428712624,-16.129364700696264,1943,952,38.34276891405044
ret_1m,50,0.05,200,653.509494700067,53.05123135439263,2.1152805603758624,-16.70431326298466,2359,1110,37.89741415854175
ret_1m,50,0.05,500,827.6264225739548,59.90545187790448,2.23744954188653,-24.541294204293884,2570,1178,30.93385214007782
ret_1m,50,0.05,1000,1826.3998017829322,86.52893706419317,2.9837072758336705,-20.9053637430435,2677,1125,18.22936122525215
ret_1m,50,0.1,100,239.45558558373062,29.376883666743936,1.3887638742763415,-24.7451934268468,1818,480,44.884488448844884
ret_1m,50,0.1,200,372.9495454388765,38.74259687070849,1.6025801506792747,-21.794885106451854,2303,575,44.63742943986105
ret_1m,50,0.1,500,466.1690016908998,44.103698767172325,1.694407734527233,-25.900908318166678,2537,730,37.839968466692945
ret_1m,50,0.1,1000,1226.8342311151391,72.43336179770348,2.4869341893651167,-22.085591765817412,2651,844,24.141833270463977
ret_1m,100,0.03,100,195.96376576381078,25.692207523461352,1.7065492069112247,-23.002722442115196,1530,1109,22.54901960784314
ret_1m,100,0.03,200,509.9741702511121,46.38472870135706,2.2770110012684364,-13.793091584135553,3939,2383,31.02310231023102
ret_1m,100,0.03,500,721.5710348482153,55.86601258652741,2.547803894759459,-16.8144391497416,4940,2669,29.554655870445345
ret_1m,100,0.03,1000,1160.8692577952038,70.5902241999661,2.9809814462821835,-18.875243733334493,5217,2570,19.014759440291353
ret_1m,100,0.05,100,178.63914333328964,24.104561953242467,1.574028896461259,-25.260785911498516,1337,833,29.768137621540763
ret_1m,100,0.05,200,396.27641441537696,40.15742958906359,1.9852491640721746,-14.538475708316273,3721,1820,37.78554152109648
ret_1m,100,0.05,500,535.0806787084207,47.63433892393696,2.196645703101909,-16.290632394783668,4865,2145,35.00513874614594
ret_1m,100,0.05,1000,979.5863444796005,65.10022250957637,2.71987127909459,-19.271122909345408,5183,2224,23.42272814972024
ret_1m,100,0.1,100,146.7364793038255,20.964762909976265,1.3305731580136746,-27.631470979885236,1121,491,39.33987511150758
ret_1m,100,0.1,200,258.7370797899239,30.8919725844641,1.519719885190506,-17.59942119153409,3469,880,44.94090515998847
ret_1m,100,0.1,500,308.2142966835164,34.50486377933808,1.5969940608218929,-17.713983439381117,4781,1193,41.56034302447187
ret_1m,100,0.1,1000,589.8884838582359,50.23234657723119,2.078817335678569,-20.944930118027607,5118,1547,29.09339585775694
ret_3m,10,0.03,100,1868.6571167260734,91.58006513140255,1.8287215603758722,-33.37667733380045,416,263,27.163461538461537
ret_3m,10,0.03,200,1947.1346904400125,93.22088194055982,1.5855628927158596,-38.12113866977393,442,304,20.361990950226243
ret_3m,10,0.03,500,2600.5307816863005,105.25824795943292,1.8781990920554201,-30.790811719528406,457,264,13.129102844638949
ret_3m,10,0.03,1000,2350.375510826244,100.95101591943431,1.9616203458659869,-34.69882295789449,465,242,8.817204301075268
ret_3m,10,0.05,100,1449.1459983389161,81.82080612993316,1.7111578200480855,-33.376677333800444,400,229,31.25
ret_3m,10,0.05,200,1570.7149290004672,84.84247230575835,1.505896763322891,-38.2021408287694,421,264,24.94061757719715
ret_3m,10,0.05,500,2305.324209699804,100.13910893335267,1.8425316728769738,-30.790811719528428,449,236,17.37193763919822
ret_3m,10,0.05,1000,1731.2561930587797,88.57980080093448,1.8387717232769787,-34.48066815094018,462,230,10.173160173160174
ret_3m,10,0.1,100,1223.3562315412116,75.67796264138332,1.5820351331288665,-36.56349297284792,367,136,40.87193460490463
ret_3m,10,0.1,200,1513.7697615316958,83.44925145658199,1.509951584068168,-39.993188406582355,388,169,33.76288659793815
ret_3m,10,0.1,500,1995.7457146514257,94.21273098315228,1.7505990602914252,-30.790811719528428,426,173,23.943661971830984
ret_3m,10,0.1,1000,1779.3644295191214,89.64971363925423,1.8432123198645909,-35.51573986662676,443,188,14.221218961625281
ret_3m,20,0.03,100,714.3614218549932,58.020653098771206,1.805071760383816,-28.416365844033088,782,504,26.854219948849106
ret_3m,20,0.03,200,1317.5831514258616,78.33411874250129,1.8984522468650302,-32.68751821237263,814,521,24.201474201474202
ret_3m,20,0.03,500,1864.2331683775983,91.48605621238563,2.2126501373805416,-27.991256193473614,882,511,17.46031746031746
ret_3m,20,0.03,1000,1887.5288138943058,91.97924336543024,2.4081732659821893,-24.6343568505294,888,465,11.26126126126126
ret_3m,20,0.05,100,613.675788568404,53.535609148558464,1.7040368355717652,-28.736238010658592,743,401,33.37819650067295
ret_3m,20,0.05,200,859.96232184797,63.794505643750114,1.6459061632027305,-34.44644670103943,783,446,28.863346104725412
ret_3m,20,0.05,500,1532.7075973059887,83.9167912632028,2.092463744632069,-27.87376982425796,856,451,21.261682242990652
ret_3m,20,0.05,1000,1578.342211736198,85.02624988798593,2.2825596758300284,-25.080455601084537,879,432,13.310580204778159
ret_3m,20,0.1,100,394.3362433293749,41.71490765865169,1.3732120578857863,-37.29434091617016,681,235,40.52863436123348
ret_3m,20,0.1,200,693.5676876820793,57.13144016935856,1.505311366299818,-34.5154153281037,718,262,37.60445682451253
ret_3m,20,0.1,500,1245.0671965966637,76.30277459657124,1.9085877311003325,-30.966025759174105,810,312,29.38271604938272
ret_3m,20,0.1,1000,1260.8022970142156,76.75069902396447,2.0870350212664515,-28.013079097211595,844,340,17.77251184834123
ret_3m,30,0.03,100,502.98508719720803,47.992677068449275,1.8345786864771092,-21.93674019893309,1092,707,27.747252747252748
ret_3m,30,0.03,200,820.9369791215174,62.31810217197737,1.869951734205603,-28.717211247137175,1174,755,24.787052810902896
ret_3m,30,0.03,500,1491.2380152398616,82.88736336162255,2.2026773491593894,-28.250202480998755,1278,748,19.014084507042252
ret_3m,30,0.03,1000,1890.4915978630409,92.04164339923612,2.5256894227621194,-28.715179878784845,1293,684,11.832946635730858
ret_3m,30,0.05,100,450.3386477535181,45.0721186856631,1.7475417980870696,-22.255583645780742,1012,534,35.276679841897234
ret_3m,30,0.05,200,567.2992412880011,51.30135433095313,1.6269430286618332,-27.993060749082176,1122,623,30.124777183600713
ret_3m,30,0.05,500,1163.4825248341238,73.9123437380974,2.031576535396233,-28.85361439229912,1241,655,22.72360999194198
ret_3m,30,0.05,1000,1579.0425116599004,85.04309069909782,2.380157514065168,-28.510994138853103,1277,635,13.860610806577917
ret_3m,30,0.1,100,318.4273614584901,36.65308569355754,1.4431034415078272,-28.333997712778313,915,293,43.387978142076506
ret_3m,30,0.1,200,422.1701283112853,43.41868342548827,1.4251733672782834,-33.57942078645194,1024,348,38.57421875
ret_3m,30,0.1,500,828.2794298097069,62.59956803354765,1.7710932024688852,-32.04386042562832,1167,438,31.01970865467009
ret_3m,30,0.1,1000,1609.7411764071683,85.77599277635935,2.3129873777445122,-29.155148907390068,1224,491,18.954248366013072
ret_3m,50,0.03,100,406.5760985531025,42.47314224580385,1.9887430253811649,-15.046009985721403,1526,984,29.29226736566186
ret_3m,50,0.03,200,535.9285188790495,49.7201842010059,1.9421157335573163,-20.445139135193806,1847,1201,25.50081212777477
ret_3m,50,0.03,500,975.5977616804742,67.90979713545273,2.235054451539191,-26.228103494843776,2037,1199,21.698576337751597
ret_3m,50,0.03,1000,1787.679958248461,89.83247236431833,2.7175232356766124,-23.107802302453408,2098,1127,14.061010486177311
ret_3m,50,0.05,100,351.45208978361745,38.93678647522325,1.853013133787538,-16.09032109091934,1388,724,37.17579250720461
ret_3m,50,0.05,200,428.56852262976713,43.8002685381061,1.7579740269104571,-20.075258803031755,1721,930,31.841952353282977
ret_3m,50,0.05,500,669.5500425673108,56.08139552777691,1.9340068070244392,-27.040272674992693,1970,1019,26.192893401015226
ret_3m,50,0.05,1000,1524.2094431809671,83.707514992784,2.563718756019993,-23.778623171794816,2061,1020,17.03056768558952
ret_3m,50,0.1,100,252.00781806555366,31.59574186665899,1.510999226572188,-23.860170242947166,1238,373,44.58804523424879
ret_3m,50,0.1,200,301.71623626273407,35.44334354577825,1.463515077474833,-23.757554893279114,1551,485,40.10315925209542
ret_3m,50,0.1,500,489.45923213061013,47.261978865756404,1.6551734826486952,-28.945102578968516,1821,613,34.04722679846238
ret_3m,50,0.1,1000,1243.1548902007592,76.24805900844143,2.308266955473426,-25.851857168063074,1941,736,22.926326635754766
ret_3m,100,0.03,100,157.9796440644706,22.96909772246847,1.8984687312331785,-15.475050277360896,1196,832,25.334448160535118
ret_3m,100,0.03,200,390.9970610720792,41.505506046167405,2.0944581652355385,-13.089324733127391,2939,1893,28.070772371554952
ret_3m,100,0.03,500,616.391527775766,53.662885607873534,2.3541227151445896,-17.13308847222471,3711,2202,24.952842899488008
ret_3m,100,0.03,1000,1166.1023950288436,73.9909552463676,2.780401617870874,-20.166763935249797,3972,2207,17.044310171198386
ret_3m,100,0.05,100,145.76798638220058,21.674978536437962,1.8025910453410072,-17.154142716785778,1049,611,33.269780743565306
ret_3m,100,0.05,200,311.23449711720656,36.137101052644006,1.8620796844883958,-15.330358531809866,2659,1389,35.125987213238055
ret_3m,100,0.05,500,479.6288559908073,46.72264934203068,2.086232137120157,-17.53555290305507,3502,1723,30.582524271844658
ret_3m,100,0.05,1000,933.3783330655201,66.44928220156355,2.526671997280084,-20.685166877505118,3856,1942,20.12448132780083
ret_3m,100,0.1,100,122.44531974103951,19.056752284653378,1.584364393249296,-19.14412443415597,887,348,42.728297632469
ret_3m,100,0.1,200,233.16151388423685,30.02537060551782,1.5605948337903799,-20.450729924618333,2335,706,43.16916488222698
ret_3m,100,0.1,500,322.71721784067296,36.95752838515007,1.6783109323962648,-18.59730268812294,3213,941,38.00186741363212
ret_3m,100,0.1,1000,697.871297870053,57.316959964198745,2.1585077227997624,-22.872650895280067,3592,1288,26.280623608017816
ret_6m,10,0.03,100,816.4431766714248,66.87808901052496,1.2775745675153634,-45.255596893123816,365,255,21.095890410958905
ret_6m,10,0.03,200,1411.8866955025778,87.35118469594055,1.5236398968194746,-46.595341470055445,362,247,22.65193370165746
ret_6m,10,0.03,500,841.1326508999518,67.90673514199138,1.508786136539757,-29.657539231975516,403,249,14.888337468982629
ret_6m,10,0.03,1000,1074.2709259892715,76.72033699389947,1.6479555128588017,-31.685851535747744,404,228,10.643564356435643
ret_6m,10,0.05,100,748.1522965587939,63.91739707029722,1.2625193871164226,-46.374492515986354,346,213,26.589595375722542
ret_6m,10,0.05,200,913.3591441423426,70.80131924202857,1.338666112531628,-47.784630062474236,340,208,26.47058823529412
ret_6m,10,0.05,500,612.2171539425433,57.430546723738594,1.3477456436350284,-30.156314488679747,392,233,16.581632653061224
ret_6m,10,0.05,1000,757.2578883501102,64.32251863158037,1.4580132317733663,-31.553398271447268,397,211,12.090680100755668
ret_6m,10,0.1,100,622.1221470781968,57.9339689378102,1.2500772845660404,-42.51624349855412,310,138,35.483870967741936
ret_6m,10,0.1,200,947.3037725987348,72.10716008979074,1.358965617099096,-42.93033381000299,299,139,34.78260869565217
ret_6m,10,0.1,500,349.5129829814153,41.54261605346339,1.0462803310371933,-34.09321835929342,362,172,23.480662983425415
ret_6m,10,0.1,1000,706.4956946194751,62.020209356453,1.4003226968046354,-33.97825426784147,373,167,16.890080428954423
ret_6m,20,0.03,100,469.392453111617,49.49276874408086,1.449069324586647,-32.78860977695561,638,448,22.727272727272727
ret_6m,20,0.03,200,602.7474955093301,56.94419188843727,1.3827430072247038,-38.09535682742119,693,488,20.49062049062049
ret_6m,20,0.03,500,1101.3374846569036,77.65369574085834,1.8112913295453932,-29.846217467847246,756,486,15.211640211640212
ret_6m,20,0.03,1000,1707.494930993587,95.24711887871977,2.100379906314484,-30.481950876717473,769,457,13.654096228868662
ret_6m,20,0.05,100,384.9116574585448,44.044625965695246,1.343668975772921,-32.78860553540165,604,372,28.311258278145697
ret_6m,20,0.05,200,431.89333612710345,47.156974041061225,1.2065705478393565,-39.37615768685105,646,400,25.851393188854487
ret_6m,20,0.05,500,737.127105462892,63.42236928020873,1.5690349986451348,-31.560930206574028,738,448,17.208672086720867
ret_6m,20,0.05,1000,1363.0374679200004,85.93418272808182,1.956370280954468,-30.602692435500185,752,426,15.425531914893616
ret_6m,20,0.1,100,276.30341574529854,35.84410706226808,1.133171181709809,-39.8371830457661,521,211,36.660268714011515
ret_6m,20,0.1,200,311.67871222061336,38.69496133780781,1.0534956938921958,-41.87404344922358,572,258,32.86713286713287
ret_6m,20,0.1,500,698.0203350795472,61.62502672645043,1.4789412786934786,-33.81241997645855,664,305,25.0
ret_6m,20,0.1,1000,956.5277981460036,72.45637454439328,1.6967452956281759,-33.05512746816815,694,330,20.172910662824208
ret_6m,30,0.03,100,344.6074996737612,41.18405146919375,1.5243947985471724,-23.26419658027581,912,641,23.24561403508772
ret_6m,30,0.03,200,574.8628918410207,55.48217418597965,1.5981052410114343,-29.63592836308439,964,669,21.369294605809127
ret_6m,30,0.03,500,768.5727329199517,64.82134891899682,1.7395646551279307,-31.13835482457903,1083,693,17.451523545706372
ret_6m,30,0.03,1000,1457.8403230950323,88.65241296446007,2.3112950743672322,-25.170537101303008,1114,673,12.477558348294435
ret_6m,30,0.05,100,295.3616344531992,37.40439808521352,1.420720150479029,-22.92366231474208,844,511,29.265402843601894
ret_6m,30,0.05,200,440.0054966745731,47.67276367331314,1.420069520700242,-32.363519950769316,900,551,26.333333333333332
ret_6m,30,0.05,500,515.8082194192325,52.225495898909394,1.4783679187395764,-31.988287083943028,1050,618,20.57142857142857
ret_6m,30,0.05,1000,1222.997005866905,81.65961168011329,2.1626034179675346,-25.504026671260632,1090,629,14.220183486238533
ret_6m,30,0.1,100,202.67211370758832,29.17577703862888,1.1331139989580779,-32.92941975065632,719,284,37.41307371349096
ret_6m,30,0.1,200,313.94376237390674,38.87098630290644,1.2252590273120698,-33.753564473465026,780,319,35.38461538461539
ret_6m,30,0.1,500,462.2821287650205,49.05915417341038,1.3659991251886692,-30.81120435112103,939,413,27.582534611288605
ret_6m,30,0.1,1000,995.1983140955874,73.89538973933298,1.9329869727475102,-23.984423402910203,996,474,19.879518072289155
ret_6m,50,0.03,100,287.66783330512663,36.781621719396426,1.672873753721291,-15.974964586233789,1243,825,26.950925181013673
ret_6m,50,0.03,200,411.7305543265398,45.84826316626467,1.7044098182176584,-20.28370548298031,1504,1029,22.872340425531913
ret_6m,50,0.03,500,575.1733207738841,55.49870374246888,1.7034394318853494,-29.984241284298342,1685,1076,19.10979228486647
ret_6m,50,0.03,1000,1044.1154885255928,75.6607750510373,2.235741498343529,-28.83668061487832,1751,1063,13.478012564249001
ret_6m,50,0.05,100,253.0434251600202,33.85524122452155,1.5470908276001358,-19.440285551566994,1128,625,33.33333333333333
ret_6m,50,0.05,200,336.82305591224997,40.60875618943183,1.5440090327842517,-21.922925865222894,1376,808,28.77906976744186
ret_6m,50,0.05,500,470.6556368655737,49.56936643760243,1.5622130266463805,-30.224796779094852,1598,911,23.09136420525657
ret_6m,50,0.05,1000,804.4375673357855,66.37017838827546,2.013085179408998,-28.86748263695032,1700,972,15.88235294117647
ret_6m,50,0.1,100,182.1002847363896,27.0910041017165,1.248733352530732,-25.101831534350598,962,335,41.476091476091476
ret_6m,50,0.1,200,233.96842516844524,32.147575119697834,1.2674611581942068,-26.488183331166788,1176,437,37.15986394557823
ret_6m,50,0.1,500,334.64113928671344,40.44609225292739,1.3152991443946704,-30.636336029783717,1432,587,29.608938547486037
ret_6m,50,0.1,1000,663.335574929322,59.97333504193063,1.7929024526683326,-27.895516168120725,1552,696,22.164948453608247
ret_6m,100,0.03,100,142.4320963702681,22.716073815669425,2.2171264262921033,-11.058730509833378,927,605,29.341963322545844
ret_6m,100,0.03,200,287.76234130773713,36.78932909642172,1.821223675516127,-14.369930683868704,2434,1619,26.047658175842237
ret_6m,100,0.03,500,414.90612492124484,46.0569807015774,1.919588858474834,-18.065084229680767,3025,1939,21.289256198347108
ret_6m,100,0.03,1000,780.1922569057676,65.32843850636753,2.2531050195134066,-23.796733579174113,3295,2009,15.508345978755692
ret_6m,100,0.05,100,137.43744731199828,22.126965526654942,2.124091752967564,-11.49740482525269,823,443,37.66707168894289
ret_6m,100,0.05,200,233.44164503160778,32.09936286758604,1.6047724808936876,-18.23500314280189,2164,1192,32.486136783733826
ret_6m,100,0.05,500,321.60948026268426,39.461275071842294,1.671487126535345,-18.72822331277387,2804,1542,26.069900142653353
ret_6m,100,0.05,1000,628.8827363530016,58.274536228425866,2.0377124753719396,-24.459682142803548,3146,1741,18.817546090273364
ret_6m,100,0.1,100,120.76003724436428,20.08818915426658,1.8872742591429408,-12.468187697601223,707,248,46.81753889674682
ret_6m,100,0.1,200,174.3045420172923,26.270379246278907,1.3261199651651312,-21.70740782624524,1854,628,40.88457389428263
ret_6m,100,0.1,500,220.93830067144694,30.937450125797426,1.3336959363976495,-21.67975373921053,2460,857,32.60162601626016
ret_6m,100,0.1,1000,477.7286144686051,49.995869742280476,1.7564873704448092,-24.42499629613858,2836,1145,25.105782792665725
ret_12m,10,0.03,100,366.00993310217945,49.54072544300827,1.09669924300353,-39.961176202581534,277,210,18.050541516245488
ret_12m,10,0.03,200,478.09263133842865,58.20960759358413,1.1660674197094838,-44.113555050005665,284,205,19.718309859154928
ret_12m,10,0.03,500,390.4173728311346,51.55011017248299,1.1621271744899424,-37.293555613169524,311,194,16.39871382636656
ret_12m,10,0.03,1000,233.51873609375923,37.0173950350704,0.9357880108590678,-41.237509855807694,325,203,11.692307692307692
ret_12m,10,0.05,100,336.1167394488592,46.97090882822395,1.069175139437433,-41.43965536057041,260,175,23.846153846153847
ret_12m,10,0.05,200,399.9597304429022,52.31563063266415,1.0991252254658657,-45.03904622430755,265,178,23.39622641509434
ret_12m,10,0.05,500,388.6673184200812,51.408523458689494,1.1555253905355627,-37.29355561316952,300,175,19.333333333333332
ret_12m,10,0.05,1000,187.61011906130793,31.81339347665284,0.8419283577779452,-45.12167519663304,315,186,13.65079365079365
ret_12m,10,0.1,100,201.46967631757468,33.44541984315632,0.8675383141159254,-47.129083582122895,222,109,32.432432432432435
ret_12m,10,0.1,200,311.8408354310112,44.78646365456065,0.9955739507865753,-44.07823327015172,220,105,34.090909090909086
ret_12m,10,0.1,500,279.57348639185136,41.73054640008231,0.9904171420755677,-38.38126591578381,272,130,25.36764705882353
ret_12m,10,0.1,1000,211.96412974548662,34.64469778889925,0.8922170205088066,-41.742454376774226,286,141,18.181818181818183
ret_12m,20,0.03,100,265.42100286746023,40.32942046291721,1.2286046064101148,-28.906688405477933,485,349,21.237113402061855
ret_12m,20,0.03,200,310.76444541246354,44.68742716356757,1.2397194423274673,-30.611749569463786,520,377,19.615384615384617
ret_12m,20,0.03,500,503.8903750246361,60.02592130181061,1.500436954887309,-29.635726829759925,552,363,14.673913043478262
ret_12m,20,0.03,1000,503.05661809929825,59.9681249181067,1.4946966825771744,-31.487785462180607,579,375,13.126079447322972
ret_12m,20,0.05,100,223.61270608292426,35.94146832267453,1.1419788416929364,-31.04404399100447,450,289,26.222222222222225
ret_12m,20,0.05,200,245.82114554102338,38.321227779902145,1.1170610286202924,-31.56262429938776,485,313,23.917525773195877
ret_12m,20,0.05,500,421.7036027456805,54.02051872789233,1.391879733672038,-27.321862956535085,531,327,17.51412429378531
ret_12m,20,0.05,1000,380.95203832912813,50.77982250773512,1.325220217874988,-32.18376215979821,565,353,14.513274336283185
ret_12m,20,0.1,100,152.5816428257933,27.412635985255008,0.922992281399831,-32.78795924479977,380,179,33.68421052631579
ret_12m,20,0.1,200,167.64742805656118,29.357378267611644,0.9097477771493006,-35.106707244618285,413,196,32.92978208232446
ret_12m,20,0.1,500,327.0242027012893,46.1635017296405,1.2191813836884562,-32.85767956911636,456,203,26.096491228070175
ret_12m,20,0.1,1000,325.0866046805063,45.98980703183331,1.201547136262819,-35.34823593879238,498,254,20.281124497991968
ret_12m,30,0.03,100,190.48532620215713,32.156662834972536,1.218205440264678,-23.983603663950056,700,516,20.285714285714285
ret_12m,30,0.03,200,242.78898071654083,38.00309488624754,1.2273653763236552,-27.098918683918676,746,545,20.37533512064343
ret_12m,30,0.03,500,399.3095612437909,52.2638160568901,1.4685773603182228,-28.750665290346937,796,512,17.587939698492463
ret_12m,30,0.03,1000,453.2052576021056,56.39974148877129,1.5979931465535238,-28.08757670108205,857,574,12.485414235705951
ret_12m,30,0.05,100,155.14213276311065,27.749087102642388,1.097446472267397,-26.63995454866932,645,417,25.581395348837212
ret_12m,30,0.05,200,182.9021944535453,31.245803656074656,1.0680830171214777,-29.02906140926218,691,454,25.03617945007236
ret_12m,30,0.05,500,334.2525047185454,46.80638706615101,1.3515475193418205,-29.663927644410233,758,447,20.58047493403694
ret_12m,30,0.05,1000,352.29312454167257,48.37713237833932,1.4174241165206534,-28.253218151381176,832,526,14.783653846153847
ret_12m,30,0.1,100,96.98943134102265,19.394806397209095,0.8224109756120653,-34.001983177865384,533,238,33.771106941838646
ret_12m,30,0.1,200,137.2998705190992,25.350415927692517,0.8914247214788008,-31.525966386204246,595,272,34.11764705882353
ret_12m,30,0.1,500,251.64634568867376,38.926669014804595,1.1560688395958874,-33.518907991608,653,290,28.177641653905056
ret_12m,30,0.1,1000,267.2783389138127,40.51556044409492,1.2110353064050141,-31.471098292299015,735,372,21.08843537414966
ret_12m,50,0.03,100,159.37541691668974,28.299916226031606,1.3442450632826568,-17.002298605800835,995,716,23.115577889447238
ret_12m,50,0.03,200,183.26985910195427,31.290379555538284,1.2700288531776174,-21.866529251903465,1193,858,20.787929589270746
ret_12m,50,0.03,500,307.4675880731841,44.38289244245759,1.5148334874304097,-27.357868082792486,1281,862,17.56440281030445
ret_12m,50,0.03,1000,421.1603812143728,53.97857121439724,1.698917794524287,-27.518419951234037,1377,917,12.708787218591139
ret_12m,50,0.05,100,130.23052157940097,24.363114125835274,1.1838701062653416,-19.85588352549954,903,554,29.346622369878183
ret_12m,50,0.05,200,147.64150747799727,26.756312185249655,1.1263026169979131,-23.291039549442495,1080,671,26.296296296296294
ret_12m,50,0.05,500,241.91725634512312,37.911249604984,1.3309173296870318,-29.122918676525718,1185,721,21.434599156118146
ret_12m,50,0.05,1000,323.06358371048225,45.807829569227444,1.4952477287905832,-28.00762166273451,1321,820,15.291445874337622
ret_12m,50,0.1,100,92.14377167226499,18.619833256955864,0.9268676186580525,-24.794459058604573,746,306,37.13136729222521
ret_12m,50,0.1,200,105.63074989774633,20.742570305967757,0.8960140239545668,-25.21514536697928,910,375,34.83516483516483
ret_12m,50,0.1,500,173.25206311909565,30.060211216339262,1.0790072693791544,-31.35411200318263,1012,444,29.150197628458496
ret_12m,50,0.1,1000,254.7399728887045,39.24519798440065,1.2860059145594827,-30.196648035024875,1142,549,21.80385288966725
ret_12m,100,0.03,100,139.29024152031442,40.27471840899817,2.8266720344221814,-9.504203654374427,881,601,26.787741203178207
ret_12m,100,0.03,200,142.89451794880975,26.116474909264966,1.3913460673584293,-16.029571999178398,2076,1471,22.302504816955686
ret_12m,100,0.03,500,193.53845217932536,32.51843771948004,1.433028620831231,-22.08309492783132,2351,1589,19.77881752445768
ret_12m,100,0.03,1000,263.23431142861125,40.10937515012405,1.5953872646824638,-24.392859794297856,2564,1705,15.01560062402496
ret_12m,100,0.05,100,132.4505957072182,38.70568233353722,2.6784108070088837,-9.429059474194558,781,447,34.44302176696543
ret_12m,100,0.05,200,109.85129120445607,21.38567654039898,1.1597721471558327,-19.49771136659553,1850,1114,28.37837837837838
ret_12m,100,0.05,500,150.506235336185,27.138071995416556,1.223679961640559,-23.294517355187175,2164,1284,24.399260628465804
ret_12m,100,0.05,1000,210.79067088041649,34.51209152161887,1.39385052059856,-25.2503868608003,2405,1460,18.12889812889813
ret_12m,100,0.1,100,116.26766824907806,34.877122627925885,2.3518212867706874,-9.677839096417939,636,233,44.65408805031446
ret_12m,100,0.1,200,85.49760881887335,17.533072568117625,0.9500774290799603,-21.923386124356043,1497,574,37.34134936539746
ret_12m,100,0.1,500,111.02949859376837,21.56349898281413,0.9840474061721133,-24.90800139235289,1813,704,32.763375620518474
ret_12m,100,0.1,1000,151.6949163682603,27.29553201450823,1.108659947512643,-26.63853541950761,2079,961,24.434824434824435
mom_risk_adj,10,0.03,100,216.2190579805462,35.122456522763734,1.0234937000453013,-37.69710701881585,268,182,24.253731343283583
mom_risk_adj,10,0.03,200,213.7562332957399,34.84650466339085,0.932041346417685,-40.713126395402654,277,188,22.743682310469314
mom_risk_adj,10,0.03,500,285.37791810016455,42.29405042614678,1.0637169176620287,-41.2036726963482,310,203,21.935483870967744
mom_risk_adj,10,0.03,1000,72.65069748140576,15.34807364379307,0.5261625232552407,-57.57239033227026,323,218,14.860681114551083
mom_risk_adj,10,0.05,100,191.38451688921992,32.26350145992989,0.9859908496024437,-38.731147160210924,252,148,29.761904761904763
mom_risk_adj,10,0.05,200,176.07609333671869,30.41032329297615,0.8665928019059423,-41.82275793032078,257,150,29.18287937743191
mom_risk_adj,10,0.05,500,214.84122820271398,34.96827139644905,0.9348845844933643,-41.5839653628175,294,173,27.2108843537415
mom_risk_adj,10,0.05,1000,96.34481013361955,19.292528917330287,0.6102402695163783,-47.3765958419481,310,190,19.032258064516128
mom_risk_adj,10,0.1,100,89.8821839305421,18.253186084986318,0.6522794584558571,-41.135994379071995,225,89,36.888888888888886
mom_risk_adj,10,0.1,200,148.78928924096647,26.909657665681408,0.8019434011806859,-44.19948163304833,216,77,39.351851851851855
mom_risk_adj,10,0.1,500,198.65188605066731,33.118169071009085,0.8915506091932697,-42.98646184607525,258,105,35.65891472868217
mom_risk_adj,10,0.1,1000,100.36837325668806,19.926912562702714,0.6297574394768028,-42.06914827278265,275,118,27.27272727272727
mom_risk_adj,20,0.03,100,178.51141375608597,30.710126973936248,1.037647306304206,-33.40036390216391,482,330,24.481327800829874
mom_risk_adj,20,0.03,200,247.14848003375488,38.45984286863955,1.241452575487149,-33.20614314851668,509,342,26.719056974459725
mom_risk_adj,20,0.03,500,323.64425085700714,45.8601281503926,1.3219327498129063,-39.81750324225519,546,334,23.809523809523807
mom_risk_adj,20,0.03,1000,290.1860571542027,42.7561050314482,1.330154850102245,-33.266441440107435,582,360,20.962199312714777
mom_risk_adj,20,0.05,100,151.41256655838612,27.25818003299181,1.0329746134092517,-35.345060573897825,449,264,31.180400890868597
mom_risk_adj,20,0.05,200,206.5315829688235,34.02766587283337,1.158641277893953,-34.568445810693795,466,271,32.40343347639485
mom_risk_adj,20,0.05,500,241.64464051872648,37.88249118037965,1.1707343535768553,-40.39991993801644,516,282,27.51937984496124
mom_risk_adj,20,0.05,1000,239.0967333020663,37.61288793455746,1.2090697964605162,-33.82721070099426,558,315,24.551971326164875
mom_risk_adj,20,0.1,100,88.48953462943226,18.02580335520776,0.768458098600947,-35.091123496140206,385,143,39.48051948051948
mom_risk_adj,20,0.1,200,151.14631132014847,27.22292880553523,0.9849194073446356,-33.86410871870865,406,149,39.90147783251231
mom_risk_adj,20,0.1,500,175.00974226190985,30.278433491518975,0.9728969200215214,-42.958185006445426,454,153,35.90308370044053
mom_risk_adj,20,0.1,1000,196.29374758793975,32.84254377468165,1.0755748448964155,-35.15516939888062,496,187,33.46774193548387
mom_risk_adj,30,0.03,100,167.89945166688446,29.389214806813314,1.2928273671321366,-25.975518227303656,654,464,23.08868501529052
mom_risk_adj,30,0.03,200,174.0462108104199,30.158935542435827,1.1963059194468542,-26.42360536132133,735,511,23.537414965986393
mom_risk_adj,30,0.03,500,259.97458467783775,39.77952756985725,1.2619514981541706,-38.66363123908877,754,474,22.679045092838194
mom_risk_adj,30,0.03,1000,285.2600442896158,42.28266960120415,1.45975382075483,-32.891828824738774,836,533,19.37799043062201
mom_risk_adj,30,0.05,100,138.26828025325045,25.483965177700796,1.1564700460362478,-26.372596424296198,591,360,28.934010152284262
mom_risk_adj,30,0.05,200,139.40213326986543,25.639821518302618,1.0686314184510357,-27.481224610687345,672,395,30.80357142857143
mom_risk_adj,30,0.05,500,199.89421879196178,33.26273016628632,1.1268905672099672,-38.50818067845289,708,391,26.55367231638418
mom_risk_adj,30,0.05,1000,212.63496576232578,34.72033993605326,1.2402712094722805,-34.02346905424485,793,459,22.57250945775536
mom_risk_adj,30,0.1,100,88.84252981907039,18.083555197257905,0.8609848341143489,-31.25428538181147,494,198,37.85425101214575
mom_risk_adj,30,0.1,200,106.97210692103863,20.948008292455512,0.9003811012617404,-28.09126344864871,576,203,39.0625
mom_risk_adj,30,0.1,500,135.71869653396874,25.13149524506204,0.9142059150783928,-39.11758188188549,617,222,33.71150729335494
mom_risk_adj,30,0.1,1000,148.72755054265326,26.901422587828883,0.9994088512173989,-35.08850341519984,697,271,30.84648493543759
mom_risk_adj,50,0.03,100,144.67658150409423,26.357749466904412,1.3377616918941173,-16.59749701757126,954,666,24.633123689727462
mom_risk_adj,50,0.03,200,175.09065506347073,30.28845428137805,1.4127436483356959,-20.783860144675604,1085,743,24.792626728110598
mom_risk_adj,50,0.03,500,234.73131076922215,37.14746864159251,1.4731947724803105,-30.28111538204946,1233,793,23.763179237631793
mom_risk_adj,50,0.03,1000,232.93194114363547,36.95432375590257,1.4424210466397511,-29.172683363913123,1301,822,19.60030745580323
mom_risk_adj,50,0.05,100,117.21327208427014,22.48495617862305,1.1670392967512253,-17.986160284711435,875,509,31.771428571428572
mom_risk_adj,50,0.05,200,134.99684363558845,25.03119073455611,1.203351775097546,-21.99801929976034,977,567,30.808597748208804
mom_risk_adj,50,0.05,500,186.6910510513602,31.70313205291111,1.3176375157517661,-29.9430180358217,1130,614,29.557522123893804
mom_risk_adj,50,0.05,1000,177.94505946170744,30.6405783948674,1.231940334360049,-29.852901534561326,1221,680,23.423423423423422
mom_risk_adj,50,0.1,100,84.42998011337247,17.355827326935835,0.9151716427262425,-21.60723338681557,725,261,39.724137931034484
mom_risk_adj,50,0.1,200,108.1548782925415,21.128343591953502,1.0301556991062473,-22.9799491538576,827,290,40.87061668681983
mom_risk_adj,50,0.1,500,127.01008670445559,23.9059139297896,1.0260387711521919,-31.184782760562186,981,330,37.20693170234455
mom_risk_adj,50,0.1,1000,131.15413418321063,24.493365898986386,1.0122771496431229,-30.543152841762012,1065,400,29.95305164319249
mom_risk_adj,100,0.03,100,139.29024152031414,40.274718408998126,2.8266720344221787,-9.504203654374436,881,601,26.787741203178207
mom_risk_adj,100,0.03,200,145.0290083350181,26.405310910103076,1.4705161720345232,-14.751396597844973,1947,1318,25.064201335387775
mom_risk_adj,100,0.03,500,194.91375721408897,32.68049471740719,1.602442879102354,-20.982571074198574,2189,1397,24.851530379168572
mom_risk_adj,100,0.03,1000,213.11113881098316,34.773959559960765,1.6003701620852901,-24.49310314045391,2427,1557,20.80758137618459
mom_risk_adj,100,0.05,100,132.45059570721818,38.70568233353722,2.678410807008884,-9.429059474194574,781,447,34.44302176696543
mom_risk_adj,100,0.05,200,116.72155076190532,22.412398020424273,1.2592065685806104,-16.555754975916475,1746,992,31.38602520045819
mom_risk_adj,100,0.05,500,156.37667087842414,27.91041633695206,1.3987340182849837,-21.773504478527343,1986,1060,30.866062437059416
mom_risk_adj,100,0.05,1000,169.31920319012653,29.568150885122414,1.3774920036993505,-24.981175800344886,2255,1245,25.49889135254989
mom_risk_adj,100,0.1,100,116.26766824907806,34.877122627925885,2.3518212867706874,-9.677839096417939,636,233,44.65408805031446
mom_risk_adj,100,0.1,200,91.58535301268861,18.529600343048692,1.0380006092757956,-19.297191760330335,1435,497,40.13937282229965
mom_risk_adj,100,0.1,500,121.28995106752049,23.08188500449946,1.1646377480467085,-23.390632624545074,1668,507,39.86810551558753
mom_risk_adj,100,0.1,1000,121.13713903280616,23.059656603350188,1.0857905035982711,-26.043544047629414,1929,671,33.38517366511146
