stop_loss,trailing,rebalance,top_n,lookback,ema,return,sharpe,max_dd,trades,stopped,alpha
None,False,M,3,21,None,918.8173913693814,0.9290807006359427,-75.26039802099021,131,0,790.4822594894808
None,False,M,3,21,20,728.7075961148657,0.88042624482487,-75.8291416906313,132,0,600.3724642349652
None,False,M,3,21,50,718.2947763475984,0.8757340548203466,-76.01219180583062,131,0,589.9596444676978
None,False,M,3,21,100,1952.314002672761,1.1432401454801726,-61.96082036411853,122,0,1823.9788707928606
None,False,M,3,42,None,224.9884685214655,0.6456301608360582,-91.96691971906021,112,0,96.65333664156495
None,False,M,3,42,20,108.81199717608428,0.527940990372955,-91.91808899685363,120,0,-19.523134703816282
None,False,M,3,42,50,114.44489408902574,0.5391363536674558,-93.15486214838903,115,0,-13.89023779087482
None,False,M,3,42,100,338.96055631433313,0.7383221101779824,-88.80015231553234,105,0,210.62542443443257
None,False,M,3,63,None,6307.013858083941,1.3810246039488199,-62.698000334608494,87,0,6178.678726204041
None,False,M,3,63,20,2336.505031261469,1.1890608653439985,-61.13921300979579,105,0,2208.1698993815685
None,False,M,3,63,50,2094.456147786531,1.1499243972126763,-74.8396644466803,97,0,1966.1210159066304
None,False,M,3,63,100,4843.088190103804,1.3515318953938884,-66.5263145799153,84,0,4714.753058223903
None,False,M,5,21,None,769.1855428725356,0.948544836651978,-71.81609987313325,210,0,640.850410992635
None,False,M,5,21,20,627.6106979588651,0.9021224850465354,-73.35720314917515,214,0,499.2755660789645
None,False,M,5,21,50,660.7353279693887,0.9145239229164043,-73.21088131924397,211,0,532.4001960894881
None,False,M,5,21,100,1059.173185717532,1.0855388137374093,-61.31836697675843,200,0,930.8380538376315
None,False,M,5,42,None,415.73678588941954,0.7832233156864914,-87.10930275479338,185,0,287.401654009519
None,False,M,5,42,20,201.62787212121157,0.6268483883122554,-85.54732256957979,188,0,73.29274024131101
None,False,M,5,42,50,227.65060732966066,0.6514060846510176,-89.24011243947022,187,0,99.3154754497601
None,False,M,5,42,100,530.8839679204175,0.8693519669743126,-83.70517261441051,168,0,402.5488360405169
None,False,M,5,63,None,3312.4157176199105,1.3487572863996513,-54.788132784913614,147,0,3184.08058574001
None,False,M,5,63,20,1113.1018751784227,1.0863042226552049,-58.28241348916298,171,0,984.7667432985221
None,False,M,5,63,50,1570.5269540666013,1.169747654979401,-67.16533088131042,154,0,1442.1918221867008
None,False,M,5,63,100,2471.8386780420583,1.2958941438967255,-60.87731834009211,139,0,2343.503546162158
None,False,M,7,21,None,596.8006288011997,0.926594521444188,-68.34624305531479,290,0,468.46549692129906
None,False,M,7,21,20,503.2115312060221,0.8963681193696004,-70.09735618977003,296,0,374.8763993261215
None,False,M,7,21,50,522.5203641709587,0.8996061718993128,-70.49991799678168,291,0,394.1852322910581
None,False,M,7,21,100,657.8480545933971,1.014266838151069,-59.28924988085977,277,0,529.5129227134966
None,False,M,7,42,None,465.90036132892516,0.8442537168267209,-80.92513975764439,252,0,337.5652294490246
None,False,M,7,42,20,260.9051394046291,0.706811357282698,-79.13158983993962,257,0,132.57000752472854
None,False,M,7,42,50,288.4857202202428,0.7222418599935779,-84.24805132647282,255,0,160.15058834034224
None,False,M,7,42,100,573.941725682971,0.9402709391212873,-74.2612957308878,229,0,445.6065938030704
None,False,M,7,63,None,2118.450319145384,1.3164639981815736,-51.2517110395584,202,0,1990.1151872654837
None,False,M,7,63,20,868.705343935086,1.0996367933127602,-54.571176257354146,236,0,740.3702120551854
None,False,M,7,63,50,828.3528339724887,1.0490785360468118,-66.9551439001631,213,0,700.0177020925881
None,False,M,7,63,100,1414.7660702349744,1.2201886567133917,-59.41739672079098,194,0,1286.430938355074
None,False,M,10,21,None,588.3845606007126,0.994372153579208,-53.264167113412434,412,0,460.049428720812
None,False,M,10,21,20,492.0513854942213,0.9504262083898808,-56.271885164746614,412,0,363.71625361432075
None,False,M,10,21,50,505.4530029966859,0.9609885039923569,-56.02884988659713,406,0,377.1178711167853
None,False,M,10,21,100,628.7087224347318,1.0859236463414226,-42.317310071842165,382,0,500.37359055483125
None,False,M,10,42,None,503.8927829717582,0.9450189094971101,-72.45609954205543,345,0,375.5576510918577
None,False,M,10,42,20,348.5327576632309,0.8596341914887494,-67.98389703657044,355,0,220.19762578333032
None,False,M,10,42,50,375.7325350849546,0.8557808248682395,-76.61233888445167,346,0,247.39740320505402
None,False,M,10,42,100,523.7116081235963,1.009498363323429,-64.75388539076332,323,0,395.3764762436957
None,False,M,10,63,None,1102.6449887870078,1.214942811820531,-49.52544292036786,279,0,974.3098569071072
None,False,M,10,63,20,664.6005409397727,1.1079952650439164,-46.66030841098294,324,0,536.2654090598721
None,False,M,10,63,50,668.7304603532041,1.0797007016813551,-57.80700683608699,291,0,540.3953284733035
None,False,M,10,63,100,840.565950338951,1.1577102486828845,-51.1921353453421,267,0,712.2308184590504
2%,True,M,3,21,None,32751.649437111086,3.0579535461952765,-3.907966135072744,144,140,32623.314305231186
2%,True,M,3,21,20,30854.88352275295,3.036270734001477,-3.9079661350727255,144,140,30726.54839087305
2%,True,M,3,21,50,30843.49148946617,3.0321051447923693,-3.907966135072728,144,138,30715.15635758627
2%,True,M,3,21,100,33528.23366763852,3.1428281746236517,-3.907966135072713,138,135,33399.89853575861
2%,True,M,3,42,None,12259.033260495065,2.687842042437512,-2.698634806135454,144,142,12130.698128615164
2%,True,M,3,42,20,13422.36628198287,2.7243304104249995,-2.9588482862970023,144,139,13294.031150102968
2%,True,M,3,42,50,11070.425009851699,2.6383889104969107,-2.6986348061354564,144,140,10942.089877971797
2%,True,M,3,42,100,11046.387081216892,2.703487078498263,-2.698634806135475,138,136,10918.05194933699
2%,True,M,3,63,None,16349.982487640205,2.5291660474470303,-2.09729162218233,141,141,16221.647355760304
2%,True,M,3,63,20,11215.248028367256,2.5972256720683866,-2.26634872979714,141,140,11086.912896487354
2%,True,M,3,63,50,13037.072308521896,2.452167108321342,-4.27316843786625,141,139,12908.737176641995
2%,True,M,3,63,100,12826.489975217399,2.4728283212623774,-3.686154579047686,138,137,12698.154843337497
2%,True,M,5,21,None,22571.356302796656,4.212287252517716,-3.186287896832725,239,233,22443.021170916756
2%,True,M,5,21,20,21879.17242382398,4.185390847205053,-3.186287896832702,239,234,21750.83729194408
2%,True,M,5,21,50,19469.214834484697,4.129121688869333,-3.186287896832693,237,230,19340.879702604798
2%,True,M,5,21,100,17884.493737440775,4.15409176378578,-3.1862878968327153,227,224,17756.158605560875
2%,True,M,5,42,None,8351.965962053271,3.361971796238676,-2.2575869285481884,240,236,8223.63083017337
2%,True,M,5,42,20,6324.694287103464,3.393345970496355,-2.3723263684972062,239,234,6196.359155223564
2%,True,M,5,42,50,6544.093207581818,3.2494761980145466,-2.2575869285481858,238,232,6415.758075701918
2%,True,M,5,42,100,7676.0838687583355,3.3986108037845932,-2.2575869285481884,228,226,7547.748736878435
2%,True,M,5,63,None,7986.677770157709,3.3240838560566774,-2.072633345511864,235,234,7858.342638277809
2%,True,M,5,63,20,10429.968784676086,3.587597857336011,-2.7988131138395977,235,231,10301.633652796185
2%,True,M,5,63,50,8881.152244249231,3.451505917731451,-4.240105137395348,233,230,8752.81711236933
2%,True,M,5,63,100,7589.3041185269085,3.3741199129756008,-3.652888528571611,228,226,7460.968986647008
2%,True,M,7,21,None,16734.17694010439,4.512615426778638,-2.8880841195653697,335,326,16605.84180822449
2%,True,M,7,21,20,15841.534429227213,4.466310404036087,-2.8880841195653693,335,328,15713.199297347312
2%,True,M,7,21,50,14812.722232080054,4.434498555773431,-2.96131214936204,331,323,14684.387100200152
2%,True,M,7,21,100,15171.437820638044,4.565229592120392,-2.9613121493620045,317,313,15043.102688758143
2%,True,M,7,42,None,9048.520868209876,3.920331422554365,-2.607582353694648,336,330,8920.185736329975
2%,True,M,7,42,20,8063.445137427271,4.0318166474651305,-2.72901414349914,335,327,7935.110005547371
2%,True,M,7,42,50,7399.956895886256,3.828091554856854,-2.607582353694646,332,324,7271.621764006355
2%,True,M,7,42,100,7239.957857632819,3.9115654607846757,-2.729014143499166,318,314,7111.622725752918
2%,True,M,7,63,None,9675.206444111463,3.887594615716332,-1.964903591601689,329,328,9546.871312231562
2%,True,M,7,63,20,8321.163249585992,4.035625398456181,-2.7031120887033446,328,323,8192.82811770609
2%,True,M,7,63,50,6999.3649964983915,3.7896280765223946,-4.240105137395361,325,322,6871.029864618491
2%,True,M,7,63,100,7591.693864255644,3.8385798482978415,-3.652888528571605,318,316,7463.358732375744
2%,True,M,10,21,None,10713.331194049086,4.730915450612855,-3.2501668471684897,479,466,10584.996062169184
2%,True,M,10,21,20,11684.844606921828,4.794364914252602,-3.250166847168489,477,468,11556.509475041927
2%,True,M,10,21,50,12165.05548383605,4.797132804081199,-2.933617980752673,470,460,12036.720351956148
2%,True,M,10,21,100,9692.160354627667,4.799920842328326,-2.946732503156203,452,447,9563.825222747766
2%,True,M,10,42,None,9123.231896638163,4.370949578996726,-2.835841166679865,480,469,8994.896764758261
2%,True,M,10,42,20,7798.209664013628,4.443488214753017,-2.8358411666798493,477,468,7669.874532133727
2%,True,M,10,42,50,7284.629995828072,4.277812222900249,-2.835841166679859,471,462,7156.294863948172
2%,True,M,10,42,100,7087.983253905979,4.337024866977717,-2.8358411666798693,452,448,6959.648122026078
2%,True,M,10,63,None,8127.319270563575,4.381730771657073,-2.26647729978968,470,468,7998.984138683674
2%,True,M,10,63,20,5955.123660109748,4.324510882172251,-2.640675748891475,465,458,5826.7885282298475
2%,True,M,10,63,50,6700.301332574074,4.374706261551182,-2.563477847301763,462,457,6571.9662006941735
2%,True,M,10,63,100,7166.991244828301,4.413589085564564,-2.5725117419862764,452,449,7038.656112948401
2%,False,M,3,21,None,10913.719006452615,1.5455040415155255,-49.32055829435536,138,92,10785.383874572713
2%,False,M,3,21,20,11230.31992588899,1.556893990212997,-49.32055829435541,138,91,11101.98479400909
2%,False,M,3,21,50,10871.279191306328,1.5469059748441136,-49.320558294355365,138,91,10742.944059426427
2%,False,M,3,21,100,11439.052377822063,1.6003204457418176,-49.32055829435538,130,85,11310.717245942162
2%,False,M,3,42,None,1882.1844933911104,1.1240176251590734,-57.7676497476985,126,96,1753.84936151121
2%,False,M,3,42,20,2509.128699093099,1.2080875073899817,-53.27737206178982,133,98,2380.7935672131985
2%,False,M,3,42,50,1900.6427820303247,1.129725852522286,-57.7676497476985,128,96,1772.3076501504243
2%,False,M,3,42,100,1626.2547424095108,1.1147338219964233,-57.76764974769849,120,91,1497.9196105296103
2%,False,M,3,63,None,3617.4399310804247,1.205000293183757,-54.68258460532825,118,93,3489.104799200524
2%,False,M,3,63,20,4421.881004926818,1.3470918670916658,-44.7965099255106,126,90,4293.545873046917
2%,False,M,3,63,50,3691.768214432832,1.2474655775031787,-45.20739455976006,121,92,3563.4330825529314
2%,False,M,3,63,100,3141.059480042408,1.1956218365700717,-54.68258460532825,114,89,3012.7243481625073
2%,False,M,5,21,None,8128.094529799662,1.633421317269723,-44.73960623108878,228,150,7999.759397919762
2%,False,M,5,21,20,8728.798124636362,1.6637406943776691,-42.29273499248499,228,151,8600.46299275646
2%,False,M,5,21,50,6764.868819990887,1.5886794902967607,-44.739606231088814,227,146,6636.533688110986
2%,False,M,5,21,100,6061.461286270794,1.615587098849763,-42.23225419438755,215,138,5933.126154390893
2%,False,M,5,42,None,2762.8779430571026,1.3728470041515968,-41.17146842681477,210,158,2634.542811177202
2%,False,M,5,42,20,1968.125971234736,1.2825854466437947,-36.6201588357146,218,163,1839.7908393548355
2%,False,M,5,42,50,2437.368991397076,1.3497753310750185,-41.17146842681478,211,157,2309.0338595171756
2%,False,M,5,42,100,2387.8478363883905,1.3673102029082231,-41.17146842681476,198,151,2259.51270450849
2%,False,M,5,63,None,2135.4675966040077,1.211622659656317,-41.84131192689557,194,149,2007.1324647241072
2%,False,M,5,63,20,1569.2517565851115,1.2012977475910265,-40.015195803248965,206,144,1440.916624705211
2%,False,M,5,63,50,1347.3147459087634,1.1617587152895237,-39.356279482795586,193,139,1218.979614028863
2%,False,M,5,63,100,1799.8069874904318,1.200137921324455,-41.84131192689555,184,139,1671.4718556105313
2%,False,M,7,21,None,4787.258740234453,1.6262634317643425,-32.92720843451376,312,208,4658.923608354553
2%,False,M,7,21,20,5531.160344651278,1.6328969597927312,-36.04888489777303,315,212,5402.825212771378
2%,False,M,7,21,50,3841.76422275103,1.5625406048120885,-34.96389549354495,310,204,3713.4290908711296
2%,False,M,7,21,100,2852.917613635865,1.5351308633974274,-32.258598946038006,294,196,2724.5824817559646
2%,False,M,7,42,None,1940.1272988521278,1.3349975268977459,-39.49879801224857,293,211,1811.7921669722273
2%,False,M,7,42,20,2225.6111282461243,1.463785879424537,-31.357337830668225,301,216,2097.275996366224
2%,False,M,7,42,50,2196.253667052446,1.4229519578470455,-31.357337830668175,295,214,2067.9185351725455
2%,False,M,7,42,100,1586.331204762293,1.296020570596171,-39.498798012248585,273,200,1457.9960728823926
2%,False,M,7,63,None,1471.0952405665155,1.175112781961611,-49.94915732570419,261,195,1342.760108686615
2%,False,M,7,63,20,728.7460410917766,1.0758944919489486,-47.770223739993085,286,202,600.4109092118761
2%,False,M,7,63,50,661.3228762677148,1.0075743921469613,-48.07076411722142,270,200,532.9877443878142
2%,False,M,7,63,100,1135.3328211041005,1.1221742548381746,-49.94915732570417,251,188,1006.9976892241999
2%,False,M,10,21,None,2397.516166137971,1.499608153957857,-35.86624280345981,446,300,2269.1810342580707
2%,False,M,10,21,20,2449.8071078075423,1.5072933711782475,-34.703952389501296,443,299,2321.471975927642
2%,False,M,10,21,50,2229.691890629148,1.481244887512371,-36.64190724581126,438,291,2101.3567587492475
2%,False,M,10,21,100,1860.464217172779,1.48233373979423,-32.694707622228506,415,275,1732.1290852928785
2%,False,M,10,42,None,962.92017857746,1.1933737279171852,-46.801115060769256,407,290,834.5850466975594
2%,False,M,10,42,20,1004.992353729048,1.2881920180238042,-43.04658749611326,416,294,876.6572218491474
2%,False,M,10,42,50,1357.7656166313184,1.383707700039759,-43.04658749611323,405,292,1229.430484751418
2%,False,M,10,42,100,832.4135322173404,1.182455322907633,-43.04658749611325,381,277,704.0784003374398
2%,False,M,10,63,None,865.8258027713568,1.1118211992298606,-47.781122490311134,369,285,737.4906708914563
2%,False,M,10,63,20,563.1771810532506,1.073420335228144,-48.45497427664593,394,281,434.84204917335
2%,False,M,10,63,50,624.7498866167239,1.088660849941221,-48.14053999391367,371,273,496.4147547368233
2%,False,M,10,63,100,648.4918776604679,1.0377109954437922,-47.8358673300705,348,266,520.1567457805673
3%,True,M,3,21,None,40505.12048005553,3.0791325726130916,-5.099165079034222,144,139,40376.785348175625
3%,True,M,3,21,20,38965.30287389724,3.065238111218509,-5.099165079034196,144,139,38836.96774201734
3%,True,M,3,21,50,37765.92595952917,3.049896199196175,-5.099165079034197,144,137,37637.59082764927
3%,True,M,3,21,100,37917.3292472183,3.1540207669798077,-5.099165079034188,138,134,37788.9941153384
3%,True,M,3,42,None,18349.075326231858,2.809967192113253,-3.9435538507323793,143,140,18220.740194351958
3%,True,M,3,42,20,17492.668130771242,2.77503496278782,-4.538738663855433,143,136,17364.332998891343
3%,True,M,3,42,50,15986.450844826251,2.7432475556334177,-4.076430778157571,143,138,15858.11571294635
3%,True,M,3,42,100,18357.785921354578,2.870673683446288,-3.850270374953238,137,134,18229.45078947468
3%,True,M,3,63,None,19886.96094321005,2.5265452934444683,-5.03251666883892,141,140,19758.625811330152
3%,True,M,3,63,20,19794.554275353195,2.7304654505280173,-5.7007693460248685,141,137,19666.219143473296
3%,True,M,3,63,50,19727.58898992466,2.545299499226583,-4.987958308288951,141,137,19599.25385804476
3%,True,M,3,63,100,16820.2295846092,2.5087812924852018,-4.833673333901322,138,136,16691.8944527293
3%,True,M,5,21,None,27442.052811149922,4.026160483581823,-5.14595257418117,239,230,27313.717679270023
3%,True,M,5,21,20,25383.82561313202,3.9847455328522647,-5.016146596024996,239,229,25255.49048125212
3%,True,M,5,21,50,21145.84088949655,3.983606661085888,-5.016146596024996,237,226,21017.50575761665
3%,True,M,5,21,100,21746.993882762767,4.1112869851450276,-5.016146596024966,227,220,21618.658750882867
3%,True,M,5,42,None,12001.977640991134,3.4045436603096553,-4.299766175374934,238,228,11873.642509111232
3%,True,M,5,42,20,7904.8411151220935,3.302518735787014,-4.242384788112571,238,222,7776.505983242193
3%,True,M,5,42,50,9252.68502039192,3.285676302842633,-4.299766175374931,236,224,9124.349888512019
3%,True,M,5,42,100,12337.622805916504,3.4924781324416587,-4.299766175374937,226,219,12209.287674036603
3%,True,M,5,63,None,12949.865653226349,3.3918911963898255,-5.067959512679609,235,230,12821.530521346447
3%,True,M,5,63,20,14395.237391171233,3.5573198598924844,-4.127108550831416,234,225,14266.902259291332
3%,True,M,5,63,50,14975.694614811937,3.5225590982139976,-5.296442363036177,232,225,14847.359482932035
3%,True,M,5,63,100,11526.97726298705,3.420028479919348,-4.503988522580038,228,222,11398.642131107148
3%,True,M,7,21,None,18481.8412365162,4.216987153491492,-4.4455242777104935,334,315,18353.5061046363
3%,True,M,7,21,20,15206.166038954461,4.130661370430441,-5.396055871369362,334,316,15077.83090707456
3%,True,M,7,21,50,15447.38045385117,4.172924148313185,-4.335388152868344,330,311,15319.045321971269
3%,True,M,7,21,100,13145.291601407516,4.209973671119394,-4.335388152868341,316,302,13016.956469527615
3%,True,M,7,42,None,10601.84178308892,3.77321759880765,-4.242384788112578,334,316,10473.506651209018
3%,True,M,7,42,20,8343.009019288233,3.758904619774436,-6.311705646206472,332,310,8214.673887408331
3%,True,M,7,42,50,8285.51048449109,3.6464811535472714,-4.242384788112587,330,311,8157.175352611189
3%,True,M,7,42,100,9052.369826509335,3.8101308311830824,-4.242384788112563,316,303,8924.034694629434
3%,True,M,7,63,None,16328.157221395819,3.8935387396585095,-6.21279888979827,326,322,16199.822089515917
3%,True,M,7,63,20,10981.387344233479,3.9188693862437582,-5.599707174411105,325,314,10853.052212353577
3%,True,M,7,63,50,10849.736935657935,3.7493092637351757,-6.188144138112212,322,316,10721.401803778033
3%,True,M,7,63,100,10819.93375395471,3.816575965216427,-4.944731613425091,315,310,10691.59862207481
3%,True,M,10,21,None,12006.521789770468,4.46967339775597,-5.010505459211569,478,448,11878.186657890566
3%,True,M,10,21,20,12843.253993679835,4.497544424810306,-4.8042481507214765,476,450,12714.918861799933
3%,True,M,10,21,50,10608.836751438437,4.401932784513388,-4.804248150721497,469,442,10480.501619558536
3%,True,M,10,21,100,8063.338507198048,4.413318820592891,-4.804248150721501,449,429,7935.003375318148
3%,True,M,10,42,None,10325.344480390968,4.0903347420606835,-6.311705646206472,471,448,10197.009348511066
3%,True,M,10,42,20,5003.567461364948,3.708184221230375,-6.060480062829783,467,443,4875.232329485048
3%,True,M,10,42,50,7981.334261885857,3.9205363559194604,-6.311705646206482,462,442,7852.999130005956
3%,True,M,10,42,100,7976.352107102929,4.088688716824701,-5.993142420830384,444,431,7848.016975223029
3%,True,M,10,63,None,13492.197922886126,4.306237135883885,-6.222458199689019,462,454,13363.862791006224
3%,True,M,10,63,20,9013.76269987639,4.181262614047433,-5.752819033693974,458,441,8885.427567996489
3%,True,M,10,63,50,11653.964629488646,4.317277185645853,-5.752819033693996,454,441,11525.629497608745
3%,True,M,10,63,100,9643.898407493249,4.263927434595735,-5.752819033693971,444,436,9515.563275613347
3%,False,M,3,21,None,7065.524056420163,1.4110451630366587,-54.72003962401034,138,86,6937.188924540263
3%,False,M,3,21,20,8073.406482811639,1.4682401518760582,-54.00756706421371,137,83,7945.071350931738
3%,False,M,3,21,50,6816.694209488305,1.4041056196455204,-54.72003962401038,138,86,6688.359077608405
3%,False,M,3,21,100,7196.647232866533,1.453237855242196,-54.720039624010376,130,80,7068.312100986633
3%,False,M,3,42,None,1246.0663764210722,1.007332313798375,-57.19583224636966,125,89,1117.7312445411717
3%,False,M,3,42,20,1627.6160764938306,1.090974648791095,-53.27737206178982,132,93,1499.2809446139302
3%,False,M,3,42,50,1291.7228577381313,1.0178063532950539,-57.19583224636966,127,90,1163.3877258582309
3%,False,M,3,42,100,1192.6966553120471,1.0158723193352857,-57.19583224636962,118,84,1064.3615234321467
3%,False,M,3,63,None,3813.295470300696,1.2135254006664966,-54.682584605328266,118,92,3684.9603384207953
3%,False,M,3,63,20,4505.305188217755,1.3453910772219164,-46.411396323328916,126,87,4376.970056337855
3%,False,M,3,63,50,3962.052696716593,1.2606788880305808,-45.20739455976006,121,90,3833.7175648366924
3%,False,M,3,63,100,2667.9943115931196,1.1575433191392295,-54.682584605328245,114,88,2539.659179713219
3%,False,M,5,21,None,5340.548639137308,1.4766657017253697,-49.86367755762694,226,136,5212.213507257407
3%,False,M,5,21,20,5465.140880206321,1.5258961468814836,-47.40906459867501,226,136,5336.80574832642
3%,False,M,5,21,50,4837.318740508267,1.457074146844748,-49.763296260382894,225,134,4708.983608628367
3%,False,M,5,21,100,3833.635473772583,1.4382614275676762,-47.53094993831283,213,126,3705.3003418926824
3%,False,M,5,42,None,2560.878050454313,1.3051549061076024,-41.1714684268148,208,145,2432.5429185744124
3%,False,M,5,42,20,1932.4264244085718,1.2628558118095266,-36.64255338189908,216,149,1804.0912925286714
3%,False,M,5,42,50,2059.3614733699087,1.2524993373187574,-41.17146842681477,209,145,1931.0263414900082
3%,False,M,5,42,100,2385.6874251385425,1.3017833467489361,-41.17146842681476,195,138,2257.352293258642
3%,False,M,5,63,None,3059.6808085293487,1.3021750407182506,-41.84131192689555,190,140,2931.3456766494483
3%,False,M,5,63,20,1697.2592220432173,1.2204733561159833,-42.01222598842209,203,136,1568.9240901633168
3%,False,M,5,63,50,1980.1518290886256,1.265021491802752,-43.26296843094238,190,130,1851.8166972087251
3%,False,M,5,63,100,2407.755034747448,1.2705923692802967,-41.84131192689557,180,130,2279.4199028675475
3%,False,M,7,21,None,2979.3317398461054,1.4310125927038209,-42.9325917217083,309,186,2850.996607966205
3%,False,M,7,21,20,3267.3196643765086,1.4782714678097026,-38.36834303345469,312,189,3138.984532496608
3%,False,M,7,21,50,2555.590597235909,1.391290650791598,-43.73688858142141,307,185,2427.2554653560087
3%,False,M,7,21,100,1860.536936793903,1.3488796123560352,-40.27111363267233,291,175,1732.2018049140024
3%,False,M,7,42,None,1838.6744938327474,1.2727772121839238,-39.50013956502148,290,193,1710.339361952847
3%,False,M,7,42,20,2145.224363773914,1.4287719250925965,-34.68846491143901,296,198,2016.8892318940134
3%,False,M,7,42,50,1905.3868978704434,1.3189481479052552,-34.68846491143899,292,197,1777.051765990543
3%,False,M,7,42,100,1801.184311128778,1.2815561691302162,-39.50013956502155,269,183,1672.8491792488776
3%,False,M,7,63,None,2118.900243857062,1.2751311939804826,-49.736508838184896,256,179,1990.5651119771615
3%,False,M,7,63,20,837.1262136178827,1.1158601753658848,-46.75693515470816,281,185,708.7910817379822
3%,False,M,7,63,50,1181.9942412929154,1.1824271144924516,-47.67028755781808,264,182,1053.659109413015
3%,False,M,7,63,100,1645.8423094847553,1.2289793588293412,-49.73650883818483,246,173,1517.5071776048549
3%,False,M,10,21,None,1413.6076406845107,1.2699528479723488,-42.61432210791307,443,268,1285.2725088046102
3%,False,M,10,21,20,1754.880796415667,1.4081553139732388,-34.506630277129894,438,268,1626.5456645357665
3%,False,M,10,21,50,1448.3043525344128,1.3329324542659349,-38.461298531940514,435,262,1319.9692206545124
3%,False,M,10,21,100,1303.6746272021996,1.3487905091357892,-34.00055329047152,412,248,1175.3394953222992
3%,False,M,10,42,None,1314.3904691645635,1.259153123464815,-43.561069107497424,400,260,1186.055337284663
3%,False,M,10,42,20,1188.224274414344,1.353991500046301,-40.20412314015946,408,264,1059.8891425344436
3%,False,M,10,42,50,1575.9421409698978,1.382568458201407,-40.204123140159496,398,263,1447.6070090899973
3%,False,M,10,42,100,997.7726784726416,1.207937900524445,-40.20412314015952,373,250,869.437546592741
3%,False,M,10,63,None,1408.9243878691161,1.262021383671129,-48.07117342262271,358,259,1280.5892559892156
3%,False,M,10,63,20,702.893691008053,1.151557344508782,-47.416774126389846,383,249,574.5585591281524
3%,False,M,10,63,50,1163.3903359520787,1.3064023399234117,-48.228739447882404,360,244,1035.0552040721782
3%,False,M,10,63,100,943.9929790505201,1.1636799475882313,-48.2786316729927,340,242,815.6578471706196
5%,True,M,3,21,None,52946.041843477986,3.0181644580000064,-10.420642113521358,144,134,52817.70671159808
5%,True,M,3,21,20,47016.70187356975,3.0288644168452596,-10.420642113521367,144,133,46888.366741689846
5%,True,M,3,21,50,49932.77988277201,2.996257073368511,-10.420642113521325,144,132,49804.44475089211
5%,True,M,3,21,100,52718.9266656584,3.1225846476207844,-10.420642113521337,137,127,52590.5915337785
5%,True,M,3,42,None,18136.165608490817,2.7201261004279518,-11.325805252106186,139,132,18007.830476610918
5%,True,M,3,42,20,15986.959739496793,2.7188968739778216,-9.926454807062962,140,127,15858.624607616892
5%,True,M,3,42,50,16363.127867493296,2.6701561611693743,-11.32580525210615,140,130,16234.792735613395
5%,True,M,3,42,100,17354.122195866115,2.7739073987384866,-11.325805252106141,133,126,17225.787063986216
5%,True,M,3,63,None,17461.233800880906,2.532571029135102,-10.650497741009888,139,134,17332.898669001006
5%,True,M,3,63,20,16071.099523064773,2.583381859494555,-10.799312182837765,139,128,15942.764391184872
5%,True,M,3,63,50,15203.836927353123,2.4765772375239132,-10.780563333478584,139,129,15075.501795473221
5%,True,M,3,63,100,14749.362684089141,2.512201356394832,-10.650497741009895,135,128,14621.02755220924
5%,True,M,5,21,None,30824.954626751503,3.3645799199766047,-9.156594996833318,239,216,30696.619494871604
5%,True,M,5,21,20,23904.15659816742,3.369525645443938,-11.594040680547826,239,215,23775.82146628752
5%,True,M,5,21,50,22606.97168323714,3.2843305689289175,-9.364950864660363,237,212,22478.636551357242
5%,True,M,5,21,100,18841.963891764863,3.3175006005959786,-12.975647721417507,226,205,18713.628759884963
5%,True,M,5,42,None,13607.792451414554,3.059213029968408,-15.738289375383877,233,216,13479.457319534653
5%,True,M,5,42,20,7899.249632627628,2.963733709953004,-14.02382104118509,233,209,7770.914500747727
5%,True,M,5,42,50,9757.124488686033,2.906239479466674,-15.738289375383903,232,212,9628.789356806132
5%,True,M,5,42,100,11894.611346484608,3.0937353152950857,-15.738289375383903,221,208,11766.276214604706
5%,True,M,5,63,None,9457.252218613157,2.9941880217369796,-11.453568868650887,232,220,9328.917086733256
5%,True,M,5,63,20,7659.894108254541,3.014064605837104,-9.349115145156889,231,210,7531.55897637464
5%,True,M,5,63,50,9980.598375406224,3.097244434064455,-9.301996728531728,228,211,9852.263243526322
5%,True,M,5,63,100,7479.379070740218,2.9350872880109726,-11.453568868650885,224,210,7351.043938860317
5%,True,M,7,21,None,20158.453533586355,3.3932652597046586,-10.519609332935538,332,295,20030.118401706455
5%,True,M,7,21,20,13764.831388580034,3.3452014318123178,-10.519609332935541,332,294,13636.496256700133
5%,True,M,7,21,50,17572.690167530185,3.3871079708954586,-10.519609332935518,328,289,17444.355035650286
5%,True,M,7,21,100,14065.989759779373,3.448764968219278,-13.280101898315467,313,278,13937.654627899472
5%,True,M,7,42,None,10862.81741074632,3.247586484650336,-15.04814762006911,327,294,10734.482278866419
5%,True,M,7,42,20,8637.169844574604,3.2910654576893155,-14.695824672727383,323,281,8508.834712694703
5%,True,M,7,42,50,9115.02130104826,3.1845768724921917,-15.048147620069113,324,288,8986.686169168359
5%,True,M,7,42,100,8672.856679348255,3.230282931255339,-15.04814762006912,309,282,8544.521547468354
5%,True,M,7,63,None,10173.882947689219,3.268046253575247,-9.391435221365091,318,298,10045.547815809317
5%,True,M,7,63,20,6633.797436791845,3.1997721392259892,-10.27113549992106,317,288,6505.462304911945
5%,True,M,7,63,50,5669.631954536783,3.0517466113846656,-9.79947072503569,315,293,5541.296822656883
5%,True,M,7,63,100,6836.018794649908,3.1343908555989706,-9.391435221365088,307,287,6707.683662770008
5%,True,M,10,21,None,16598.47862852379,3.672519533435626,-9.688749279046736,475,407,16470.14349664389
5%,True,M,10,21,20,10901.29837743748,3.546038661825167,-10.939399765465712,472,407,10772.96324555758
5%,True,M,10,21,50,12562.26889162031,3.6196044843029087,-9.740534082357497,466,399,12433.933759740408
5%,True,M,10,21,100,7306.512077530502,3.377086369905151,-10.464395062314317,445,385,7178.176945650602
5%,True,M,10,42,None,11067.000664394682,3.7097947950034005,-11.253619699324204,459,398,10938.66553251478
5%,True,M,10,42,20,4816.0524007908925,3.288290750321231,-11.993614219802172,452,385,4687.717268910992
5%,True,M,10,42,50,9049.056965260446,3.580406847023401,-13.214088059026045,450,390,8920.721833380545
5%,True,M,10,42,100,7099.480958165696,3.530704963402102,-13.017692469879682,433,383,6971.145826285796
5%,True,M,10,63,None,7322.7731814470435,3.3751271652949617,-8.774763324210651,445,413,7194.438049567143
5%,True,M,10,63,20,5773.811981511882,3.3400164648946844,-12.206492838140056,440,395,5645.476849631981
5%,True,M,10,63,50,6333.543521622026,3.393919983324187,-9.021871659219705,437,396,6205.208389742125
5%,True,M,10,63,100,5478.683539259278,3.33163252802677,-9.913442903914422,426,395,5350.348407379378
5%,False,M,3,21,None,9101.392792052642,1.4616748247969742,-56.31702115685808,136,78,8973.05766017274
5%,False,M,3,21,20,6400.890778117135,1.3872192108151025,-56.31702115685804,136,76,6272.555646237234
5%,False,M,3,21,50,8774.036243612734,1.4545500574868762,-56.31702115685807,136,79,8645.701111732833
5%,False,M,3,21,100,10041.483627664746,1.5263331110357008,-56.317021156858104,128,72,9913.148495784844
5%,False,M,3,42,None,2010.9228072857243,1.1159502918695021,-65.68441506746211,123,78,1882.5876754058238
5%,False,M,3,42,20,1452.651705700165,1.0550047559209013,-53.277372061789855,131,83,1324.3165738202645
5%,False,M,3,42,50,1958.0206521353255,1.1099229523399299,-65.68441506746211,125,79,1829.685520255425
5%,False,M,3,42,100,1986.766794250109,1.1339605563119153,-65.68441506746208,116,74,1858.4316623702084
5%,False,M,3,63,None,23780.644581243705,1.5792668692647942,-56.61545429922064,108,73,23652.309449363805
5%,False,M,3,63,20,2483.3430713226926,1.1848224034564356,-51.128236563328386,123,77,2355.007939442792
5%,False,M,3,63,50,7616.929162299748,1.4003524455005076,-56.61545429922064,116,77,7488.5940304198475
5%,False,M,3,63,100,18282.30078444167,1.5547575934243345,-56.61545429922062,104,71,18153.965652561772
5%,False,M,5,21,None,6203.204568299608,1.5641263942570995,-49.41088141455103,223,122,6074.869436419707
5%,False,M,5,21,20,4874.026086898106,1.5104057903576875,-49.7916578802359,224,122,4745.690955018205
5%,False,M,5,21,50,5738.358164222538,1.5512478552435154,-49.410881414551,222,119,5610.023032342638
5%,False,M,5,21,100,4647.940257738231,1.5403628449250382,-48.524236431280116,210,111,4519.60512585833
5%,False,M,5,42,None,2856.658391273573,1.3419670478740213,-47.914684823372816,205,124,2728.3232593936727
5%,False,M,5,42,20,1467.3361495947916,1.165764202108637,-43.64000126193389,213,133,1339.001017714891
5%,False,M,5,42,50,2363.0207947719305,1.2967152195045408,-47.91468482337285,206,125,2234.68566289203
5%,False,M,5,42,100,3047.3059599670487,1.3777598017798627,-47.91468482337283,192,121,2918.970828087148
5%,False,M,5,63,None,8653.625985828954,1.5640995727276779,-43.25289681745908,181,115,8525.290853949053
5%,False,M,5,63,20,1271.3125678255396,1.1336112877914237,-46.90224900839316,197,117,1142.9774359456392
5%,False,M,5,63,50,2551.57468223852,1.3241585278945438,-43.25289681745909,185,111,2423.2395503586195
5%,False,M,5,63,100,5758.808516846197,1.49724175276515,-43.25289681745908,171,108,5630.473384966296
5%,False,M,7,21,None,2719.818255706636,1.3929386134568205,-39.498594755505486,306,162,2591.4831238267357
5%,False,M,7,21,20,2523.2863599453804,1.4408040032773874,-40.09388107416306,309,164,2394.95122806548
5%,False,M,7,21,50,2588.2462643616627,1.4256156990071922,-40.80410229791605,304,158,2459.9111324817623
5%,False,M,7,21,100,2007.3935013548823,1.3635480980375043,-40.51130641303113,288,149,1879.0583694749819
5%,False,M,7,42,None,1463.9402308632918,1.2135910011512432,-42.94575774529094,284,165,1335.6050989833914
5%,False,M,7,42,20,1609.2965282688604,1.3190515062747785,-34.77266247546408,289,172,1480.9613963889599
5%,False,M,7,42,50,1557.6499810006717,1.2668041569339326,-35.52594108927643,285,169,1429.3148491207712
5%,False,M,7,42,100,1890.0735617756127,1.3071116824260034,-40.76572359973665,263,160,1761.7384298957122
5%,False,M,7,63,None,4845.86468545406,1.527337756941198,-40.08619999469088,243,150,4717.52955357416
5%,False,M,7,63,20,834.1907994090927,1.1071660362847453,-42.19738354310896,270,156,705.8556675291921
5%,False,M,7,63,50,1701.0388851671007,1.3018454234216177,-40.08619999469088,251,154,1572.7037532872002
5%,False,M,7,63,100,3606.4114148368426,1.4749845305135838,-40.086199994690894,233,145,3478.076282956942
5%,False,M,10,21,None,1345.4283481431676,1.2618462218192832,-39.728609885490876,439,222,1217.093216263267
5%,False,M,10,21,20,1130.5218842317051,1.2584822315780653,-40.966435646015626,434,225,1002.1867523518046
5%,False,M,10,21,50,1144.3353714721952,1.258352463851462,-41.53035802562418,430,217,1016.0002395922946
5%,False,M,10,21,100,1037.7181531484036,1.2375469250320383,-37.69043315260756,408,207,909.3830212685031
5%,False,M,10,42,None,1406.556612307525,1.3138426173455198,-44.39367078272772,389,213,1278.2214804276246
5%,False,M,10,42,20,1075.1172703417308,1.3447618578347253,-38.423583565919515,396,218,946.7821384618302
5%,False,M,10,42,50,1699.675676324275,1.4418784766852577,-38.42358356591949,387,216,1571.3405444443745
5%,False,M,10,42,100,967.176800551488,1.2273575851408716,-39.643591113236425,364,209,838.8416686715874
5%,False,M,10,63,None,2361.917764646417,1.4590186867041142,-39.08163563221675,341,212,2233.5826327665163
5%,False,M,10,63,20,694.9829203913197,1.1547207678240705,-41.57944579270832,371,209,566.6477885114191
5%,False,M,10,63,50,1347.2532632319644,1.3777669208739396,-37.54319491772242,342,199,1218.918131352064
5%,False,M,10,63,100,1478.7976396516915,1.3417902109650215,-38.95917130006116,323,201,1350.462507771791
7%,True,M,3,21,None,16711.456459982353,2.468048576977195,-14.940963997816898,144,129,16583.121328102454
7%,True,M,3,21,20,16721.30394500054,2.5138005476962397,-14.940963997816919,143,127,16592.968813120642
7%,True,M,3,21,50,15077.183668364676,2.428597926761039,-14.940963997816903,144,127,14948.848536484775
7%,True,M,3,21,100,18652.824300029446,2.591933725302004,-14.940963997816862,137,122,18524.489168149546
7%,True,M,3,42,None,13170.555159061909,2.403979446424919,-16.73011737924978,137,127,13042.220027182007
7%,True,M,3,42,20,8137.232823697821,2.279028536310481,-14.35527879842006,139,123,8008.8976918179205
7%,True,M,3,42,50,9048.886796445877,2.2606128630870894,-14.459414111807476,138,125,8920.551664565975
7%,True,M,3,42,100,10322.86319547754,2.3859305912552635,-14.459414111807426,131,121,10194.528063597638
7%,True,M,3,63,None,11584.618482263928,2.2198435415971627,-17.16422070383646,139,128,11456.283350384027
7%,True,M,3,63,20,9493.586912251634,2.2680460752932152,-15.96655356643053,139,120,9365.251780371733
7%,True,M,3,63,50,9395.670097028451,2.1931637891070643,-17.83571642671462,139,122,9267.33496514855
7%,True,M,3,63,100,9903.028484921642,2.20641020150977,-17.164220703836484,135,122,9774.693353041741
7%,True,M,5,21,None,13318.931177665308,2.770109392291261,-15.463677764999574,237,199,13190.596045785407
7%,True,M,5,21,20,10916.360588452124,2.769489875577426,-16.353022345208394,237,199,10788.025456572223
7%,True,M,5,21,50,11125.789674620131,2.710566891534119,-15.11944346487164,235,195,10997.45454274023
7%,True,M,5,21,100,9371.46936826012,2.757579662934032,-15.46392559401539,224,186,9243.134236380218
7%,True,M,5,42,None,8978.10573418016,2.6560284431399763,-18.192376938336366,231,206,8849.77060230026
7%,True,M,5,42,20,3816.1904864713806,2.3986532966740715,-19.685881875290775,231,197,3687.85535459148
7%,True,M,5,42,50,5862.97633191629,2.468213238514493,-18.192376938336345,230,202,5734.64120003639
7%,True,M,5,42,100,6638.872849778495,2.5946668953550502,-18.192376938336345,219,198,6510.537717898595
7%,True,M,5,63,None,5952.773364922789,2.4465053886335406,-14.91623268476531,229,205,5824.438233042889
7%,True,M,5,63,20,4483.493038394228,2.487177923937042,-12.721441144780163,226,191,4355.157906514328
7%,True,M,5,63,50,5316.29122073199,2.5198614642990558,-12.721441144780163,225,196,5187.956088852089
7%,True,M,5,63,100,4594.419954632091,2.385552335317231,-14.91623268476532,221,194,4466.08482275219
7%,True,M,7,21,None,8351.18885170186,2.752372231208915,-14.85154078414585,330,271,8222.853719821958
7%,True,M,7,21,20,6140.1721183965865,2.6907660153769806,-18.982385875412987,330,269,6011.836986516686
7%,True,M,7,21,50,9175.863553981078,2.8461394147294423,-15.911738253732855,326,263,9047.528422101177
7%,True,M,7,21,100,6078.711891461025,2.789890374425208,-17.47649021467063,311,249,5950.376759581124
7%,True,M,7,42,None,8025.014544490692,2.825828164675011,-18.940280345932127,322,270,7896.679412610792
7%,True,M,7,42,20,4588.258597650849,2.612777165589607,-24.798029762104605,317,256,4459.9234657709485
7%,True,M,7,42,50,5775.56111667066,2.674681676570345,-21.089072704344883,318,265,5647.22598479076
7%,True,M,7,42,100,5294.164590996957,2.695552505753543,-20.19330515602551,304,261,5165.829459117056
7%,True,M,7,63,None,8082.895165260689,2.7539872746822645,-14.419140013162583,313,275,7954.560033380789
7%,True,M,7,63,20,4616.395147782468,2.62508239009487,-17.30080746048282,310,260,4488.060015902567
7%,True,M,7,63,50,4903.757046508224,2.6057874044623603,-17.232918517090663,308,269,4775.421914628324
7%,True,M,7,63,100,5110.109168968469,2.581949902210268,-15.332760403842046,302,265,4981.774037088569
7%,True,M,10,21,None,8065.001936761417,3.0452759359698565,-16.57446394474581,472,366,7936.666804881516
7%,True,M,10,21,20,5411.798112992933,2.841524446206927,-19.2012932309473,468,365,5283.462981113033
7%,True,M,10,21,50,6911.155028150491,2.9918897208568103,-17.905972928248925,461,353,6782.81989627059
7%,True,M,10,21,100,4799.378584515833,2.8441928045558904,-19.177869613464313,441,335,4671.043452635932
7%,True,M,10,42,None,4823.303693687845,2.8526538428090134,-17.032624029272966,445,360,4694.968561807945
7%,True,M,10,42,20,2961.157519215864,2.5898844443728546,-21.030252662355174,435,344,2832.8223873359634
7%,True,M,10,42,50,4198.455374705706,2.798308256325527,-19.811762619884192,437,353,4070.1202428258057
7%,True,M,10,42,100,3410.387786347026,2.743248518140202,-16.817725853749543,421,348,3282.0526544671256
7%,True,M,10,63,None,3334.762716535242,2.464433079829465,-17.348826368706554,437,379,3206.4275846553414
7%,True,M,10,63,20,2603.2866743437003,2.456940810244991,-16.611009412856394,424,348,2474.9515424638
7%,True,M,10,63,50,2579.315997833477,2.4337706047559733,-17.026220013620932,420,354,2450.9808659535765
7%,True,M,10,63,100,2539.9480408415493,2.3844326787661463,-17.92837365545906,417,361,2411.612908961649
7%,False,M,3,21,None,5364.211929300261,1.3344616574964137,-59.101653311816584,136,72,5235.87679742036
7%,False,M,3,21,20,3823.1855336895974,1.2622289339867914,-59.10165331181656,136,70,3694.850401809697
7%,False,M,3,21,50,4965.402703557001,1.3172387585333971,-59.101653311816605,136,73,4837.0675716771
7%,False,M,3,21,100,6090.550113056301,1.4022479366164395,-59.10165331181655,128,65,5962.2149811764
7%,False,M,3,42,None,1904.8407946065183,1.0977676697157919,-62.521291849903484,123,71,1776.5056627266179
7%,False,M,3,42,20,908.0799894518973,0.9374004826017847,-53.277372061789855,131,77,779.7448575719967
7%,False,M,3,42,50,1573.568143871493,1.0574982432707567,-62.521291849903484,125,73,1445.2330119915925
7%,False,M,3,42,100,1855.6492739157989,1.115381752702495,-62.52129184990345,116,67,1727.3141420358984
7%,False,M,3,63,None,15399.641694062253,1.4729512059149996,-57.21040779030836,102,63,15271.306562182352
7%,False,M,3,63,20,1571.5770195813707,1.0538062447191716,-54.628318632726156,120,67,1443.2418877014702
7%,False,M,3,63,50,5362.285454049183,1.2967781572396735,-57.21040779030836,112,68,5233.950322169282
7%,False,M,3,63,100,11633.547018768657,1.4427824880167963,-57.21040779030836,98,61,11505.211886888756
7%,False,M,5,21,None,2769.0633800403466,1.324798362051716,-53.87181354821929,223,108,2640.728248160446
7%,False,M,5,21,20,2604.0340890594725,1.3244319662002113,-49.35656318773712,224,108,2475.698957179572
7%,False,M,5,21,50,2798.4471383414343,1.336802486674906,-53.87181354821929,222,106,2670.112006461534
7%,False,M,5,21,100,2627.4529425655332,1.3645934591724844,-48.07815853713962,210,97,2499.117810685633
7%,False,M,5,42,None,2667.4749918415628,1.2868703927567562,-47.47998672068997,203,106,2539.1398599616623
7%,False,M,5,42,20,1263.8993022875766,1.09940909888043,-42.38241531244128,208,110,1135.564170407676
7%,False,M,5,42,50,1810.8596874259085,1.1896485922769373,-47.47998672068997,204,107,1682.524555546008
7%,False,M,5,42,100,2833.9552646749985,1.3250654972791354,-47.479986720689965,188,103,2705.620132795098
7%,False,M,5,63,None,7594.054016915129,1.5100415630717885,-43.61532275528817,172,99,7465.718885035229
7%,False,M,5,63,20,1146.0781521406207,1.083462028357448,-46.474001110203616,193,101,1017.7430202607201
7%,False,M,5,63,50,2298.4047816656844,1.2733357960360137,-43.65382093124141,179,98,2170.069649785784
7%,False,M,5,63,100,4831.876929083587,1.4295681267509273,-43.61532275528817,162,92,4703.541797203687
7%,False,M,7,21,None,1527.3841762892123,1.2382450464331882,-43.037892446598065,306,143,1399.0490444093118
7%,False,M,7,21,20,1605.4178246783276,1.3202248004208732,-39.404170976421966,308,144,1477.0826927984272
7%,False,M,7,21,50,1548.3838032688407,1.2838236625369162,-45.61691428277958,304,139,1420.0486713889402
7%,False,M,7,21,100,1322.6459367960629,1.2507127567888898,-36.40194068306683,288,130,1194.3108049161624
7%,False,M,7,42,None,1747.786904202499,1.2610293796405103,-43.73802399300729,278,133,1619.4517723225986
7%,False,M,7,42,20,1165.6133947582114,1.2049968199983878,-39.34570772905655,282,138,1037.278262878311
7%,False,M,7,42,50,1636.1281676732522,1.2701165118739606,-39.34570772905659,279,137,1507.7930357933517
7%,False,M,7,42,100,1652.48471638845,1.2751105153186526,-40.04041184840014,257,130,1524.1495845085494
7%,False,M,7,63,None,4172.530974932918,1.5041020618074532,-38.901387924890294,232,121,4044.1958430530176
7%,False,M,7,63,20,807.7584469750105,1.0857791872020879,-41.83111636178485,262,126,679.42331509511
7%,False,M,7,63,50,1547.080200362614,1.274842481616167,-39.41637519409335,241,127,1418.7450684827136
7%,False,M,7,63,100,3113.035559531632,1.4491167977356831,-38.901387924890294,222,117,2984.7004276517314
7%,False,M,10,21,None,1056.8927326293228,1.207686713701565,-45.160715590290785,437,188,928.5576007494222
7%,False,M,10,21,20,959.2819675886742,1.2269136278646835,-40.76423504728755,433,193,830.9468357087736
7%,False,M,10,21,50,906.5008993713091,1.201329152155151,-47.127185036705654,428,185,778.1657674914085
7%,False,M,10,21,100,957.114973298126,1.2442695122115075,-38.45495652895702,404,169,828.7798414182254
7%,False,M,10,42,None,1375.9503731240939,1.3270611200316969,-43.68567941851286,379,171,1247.6152412441934
7%,False,M,10,42,20,1107.9909529134525,1.364924031930596,-33.86246235783128,383,172,979.6558210335519
7%,False,M,10,42,50,1592.973628538959,1.441473280545655,-33.86246235783127,376,173,1464.6384966590585
7%,False,M,10,42,100,1024.0387084143103,1.2737416620185504,-39.50731867407171,355,167,895.7035765344098
7%,False,M,10,63,None,2201.4782516422515,1.43673034643106,-38.9516337709195,320,171,2073.143119762351
7%,False,M,10,63,20,620.9081240122073,1.1056475332143585,-41.72256804147212,357,161,492.5729921323067
7%,False,M,10,63,50,1227.0594631100137,1.343379733929744,-37.919659904390976,328,162,1098.7243312301132
7%,False,M,10,63,100,1441.0699263567244,1.335556547020978,-38.333623524272284,302,161,1312.734794476824
10%,True,M,3,21,None,12693.389138697275,2.227662383966921,-24.78143796315204,142,106,12565.054006817374
10%,True,M,3,21,20,12792.306000803037,2.2343026842043794,-24.00368677057423,141,104,12663.970868923136
10%,True,M,3,21,50,13439.10700177967,2.2689295313936575,-25.060267555430922,142,103,13310.771869899769
10%,True,M,3,21,100,12350.796384453402,2.3134224789709807,-22.167297131696387,135,99,12222.461252573501
10%,True,M,3,42,None,8215.899613782221,2.120383263908115,-22.640652694698776,131,112,8087.564481902321
10%,True,M,3,42,20,5809.479282351816,1.987561885681483,-25.385472537721427,136,106,5681.144150471916
10%,True,M,3,42,50,5256.33858133562,1.9494200958337913,-22.31855852727961,132,110,5128.003449455719
10%,True,M,3,42,100,6102.154845765179,2.079511963783218,-20.7637137167068,125,107,5973.819713885278
10%,True,M,3,63,None,34663.89779999677,2.4094274562551914,-24.713451440815636,130,112,34535.562668116865
10%,True,M,3,63,20,8500.911619554638,2.079784046546518,-24.81040848010328,133,101,8372.576487674736
10%,True,M,3,63,50,13442.361709396488,2.179084082283808,-25.3922856317922,128,103,13314.026577516586
10%,True,M,3,63,100,29415.27838455766,2.4062448474481695,-24.71345144081562,126,107,29286.94325267776
10%,True,M,5,21,None,10485.354624903563,2.378460754764122,-18.456302353911187,234,166,10357.019493023661
10%,True,M,5,21,20,8642.040997495142,2.296470203446079,-21.93260050857344,234,162,8513.70586561524
10%,True,M,5,21,50,10181.534064107274,2.3921664339594777,-18.456302353911177,232,160,10053.198932227373
10%,True,M,5,21,100,8890.054978969205,2.4309215401363504,-20.796202833360564,221,153,8761.719847089304
10%,True,M,5,42,None,10590.981543619191,2.2929658112091453,-25.790350570063453,220,175,10462.64641173929
10%,True,M,5,42,20,3734.709252160538,1.9546056647892935,-25.464534578983912,221,164,3606.3741202806377
10%,True,M,5,42,50,6294.248818866226,2.1030275197710013,-25.790350570063403,219,171,6165.913686986326
10%,True,M,5,42,100,9993.884374697773,2.345917229206179,-25.79035057006343,206,170,9865.549242817871
10%,True,M,5,63,None,9191.751497883359,2.2555515223270453,-18.03045478207482,212,177,9063.416366003457
10%,True,M,5,63,20,4160.069199433563,2.030228612515577,-18.71071765542851,212,157,4031.7340675536625
10%,True,M,5,63,50,5484.2236125367035,2.12517471018602,-16.225044805277644,204,164,5355.888480656803
10%,True,M,5,63,100,8287.394890772683,2.2700988007995013,-18.030454782074838,202,167,8159.059758892782
10%,True,M,7,21,None,5910.282480533985,2.235777117937555,-22.771678196536392,327,223,5781.947348654085
10%,True,M,7,21,20,4839.69877965062,2.1946075095358486,-23.59853088856533,326,220,4711.36364777072
10%,True,M,7,21,50,5936.03525108827,2.2569971043326973,-23.226504693816974,323,215,5807.70011920837
10%,True,M,7,21,100,4469.679137689557,2.2214280491442775,-25.465470423905636,308,203,4341.344005809657
10%,True,M,7,42,None,6287.662749055249,2.2411207168311553,-25.63280948516926,310,228,6159.327617175349
10%,True,M,7,42,20,3237.2708954769437,2.055018607688098,-27.27931323982945,304,211,3108.935763597043
10%,True,M,7,42,50,3931.4541487306456,2.050812638230465,-28.490937205020106,306,223,3803.119016850745
10%,True,M,7,42,100,5233.177011525006,2.281062035953264,-25.632809485169243,289,221,5104.841879645105
10%,True,M,7,63,None,9136.859277601123,2.467183075757525,-18.69313774251461,290,231,9008.524145721221
10%,True,M,7,63,20,3579.716120580992,2.1528909458706496,-19.131137569660243,291,205,3451.3809887010916
10%,True,M,7,63,50,3817.088237324908,2.1362239374368595,-20.695266578071546,281,217,3688.7531054450073
10%,True,M,7,63,100,6301.651898278986,2.354801396614831,-19.561130974552967,279,221,6173.316766399085
10%,True,M,10,21,None,3722.8165696458445,2.228237857366015,-22.977798930231796,465,291,3594.481437765944
10%,True,M,10,21,20,3019.6820341086186,2.225277849160226,-22.90259533706456,461,292,2891.346902228718
10%,True,M,10,21,50,3420.0559993130796,2.266858044569318,-26.941020738282795,453,278,3291.720867433179
10%,True,M,10,21,100,3096.7242723562913,2.2383610083626895,-22.203104112191237,433,262,2968.389140476391
10%,True,M,10,42,None,3375.9148847473584,2.1890600623175795,-26.93387975367164,423,287,3247.579752867458
10%,True,M,10,42,20,2211.517960469888,2.1345436668939146,-22.461508354066233,414,262,2083.1828285899874
10%,True,M,10,42,50,2657.1537391704624,2.0988289455405984,-24.989415747856057,415,277,2528.818607290562
10%,True,M,10,42,100,2637.183529856274,2.2051565102071775,-25.781194637453215,396,274,2508.8483979763737
10%,True,M,10,63,None,5098.54742030772,2.367196975193998,-17.542568667547044,399,308,4970.21228842782
10%,True,M,10,63,20,2345.732287318756,2.126517988603938,-18.151717620445744,393,261,2217.3971554388554
10%,True,M,10,63,50,3312.756612687473,2.237831599986778,-19.695551284566513,378,279,3184.4214808075726
10%,True,M,10,63,100,4941.382316392225,2.398975733213906,-16.69263239822663,378,289,4813.047184512325
10%,False,M,3,21,None,7477.948489558432,1.4067521367952631,-62.959397130418814,133,53,7349.613357678531
10%,False,M,3,21,20,5384.548464282633,1.3522080463383197,-62.95939713041878,134,53,5256.213332402733
10%,False,M,3,21,50,7281.327802764081,1.4022123542725218,-62.95939713041878,133,53,7152.99267088418
10%,False,M,3,21,100,8933.696826849015,1.4942674347771727,-62.95939713041878,125,47,8805.361694969113
10%,False,M,3,42,None,2716.51452080046,1.2091497574606105,-52.31610228633669,117,51,2588.1793889205596
10%,False,M,3,42,20,2235.7585903763743,1.1829222894912947,-55.60420106330329,126,57,2107.423458496474
10%,False,M,3,42,50,2093.6929917342977,1.1496133546586582,-56.90255272637867,120,53,1965.3578598543972
10%,False,M,3,42,100,2706.3768072550756,1.2396707853299616,-51.88890884448488,110,48,2578.041675375175
10%,False,M,3,63,None,17016.175420469848,1.5426367264731353,-52.37661745999169,92,43,16887.84028858995
10%,False,M,3,63,20,2893.6758335520267,1.2327405963064797,-61.204292173960525,114,47,2765.340701672126
10%,False,M,3,63,50,5174.882553753834,1.3270408125892625,-53.76973277470245,103,47,5046.547421873934
10%,False,M,3,63,100,13699.37963623539,1.5300513388671457,-52.37661745999169,88,41,13571.044504355488
10%,False,M,5,21,None,3789.0624801025815,1.4160130554495205,-57.090096333724574,219,81,3660.727348222681
10%,False,M,5,21,20,3489.8158703117474,1.407168869129191,-56.13347920920609,221,79,3361.480738431847
10%,False,M,5,21,50,3962.2141404964223,1.4400069928119883,-57.09009633372456,218,77,3833.879008616522
10%,False,M,5,21,100,3996.104154479685,1.4840193924928322,-55.02614590573428,206,72,3867.7690225997844
10%,False,M,5,42,None,3121.3394121297347,1.3487907933643484,-45.40678410410911,193,76,2993.004280249834
10%,False,M,5,42,20,1420.0840382781755,1.1429951657605226,-42.25627666825639,199,80,1291.748906398275
10%,False,M,5,42,50,2251.474981411419,1.2652310501173345,-49.05528453797697,195,77,2123.1398495315184
10%,False,M,5,42,100,3545.3270901171704,1.4154652685783573,-43.556487798463436,178,74,3416.99195823727
10%,False,M,5,63,None,6856.72218899854,1.5358113110477123,-43.43866724269967,161,64,6728.38705711864
10%,False,M,5,63,20,1945.876495814882,1.2465159032388176,-44.67780145746739,185,69,1817.5413639349815
10%,False,M,5,63,50,2886.5327897841225,1.3611405950343685,-46.70868249950206,168,65,2758.197657904222
10%,False,M,5,63,100,5429.9723371863865,1.5059311748624868,-43.44708698270859,151,60,5301.637205306486
10%,False,M,7,21,None,1740.85491342877,1.2751294515352893,-45.17514321858063,300,104,1612.5197815488696
10%,False,M,7,21,20,1505.6710248307543,1.2797460146473718,-46.613336952601514,303,105,1377.3358929508538
10%,False,M,7,21,50,1659.5343051705815,1.2987426668868751,-47.96412086507929,298,100,1531.199173290681
10%,False,M,7,21,100,1448.5224575813975,1.268420878126414,-42.86087396279189,283,94,1320.187325701497
10%,False,M,7,42,None,1563.52682324321,1.2256279460115325,-55.50891022481223,267,96,1435.1916913633095
10%,False,M,7,42,20,1051.084967380809,1.1641960750360372,-45.19802268212479,272,99,922.7498355009085
10%,False,M,7,42,50,1423.3477006759979,1.2190135206818662,-46.98824266602002,269,100,1295.0125687960974
10%,False,M,7,42,100,1484.724554811327,1.252500872138961,-48.80824646565837,246,90,1356.3894229314265
10%,False,M,7,63,None,4057.741337104734,1.51336146825998,-39.74960897518885,219,86,3929.4062052248337
10%,False,M,7,63,20,1392.811071144541,1.2763779438071587,-38.98836856496761,251,88,1264.4759392646406
10%,False,M,7,63,50,1540.082345800608,1.2800168940431842,-42.62144777185267,228,90,1411.7472139207075
10%,False,M,7,63,100,2996.324919092764,1.4527372257616098,-39.749608975188835,209,84,2867.9897872128636
10%,False,M,10,21,None,1158.7374608045873,1.2312433138381433,-45.941991360826925,426,129,1030.4023289246868
10%,False,M,10,21,20,1101.3560619708408,1.2654528832790537,-39.43392662545948,425,134,973.0209300909402
10%,False,M,10,21,50,1226.2131467542267,1.3054489672777834,-42.57581214780183,417,124,1097.8780148743263
10%,False,M,10,21,100,1136.0786145768984,1.3294776844119287,-39.389574700938574,392,114,1007.7434826969978
10%,False,M,10,42,None,1303.8041380847874,1.3101013470248082,-50.72462471647168,363,124,1175.469006204887
10%,False,M,10,42,20,927.4660363475401,1.2715962557999325,-38.54522272302765,371,122,799.1309044676395
10%,False,M,10,42,50,1366.727521027259,1.3678758679069765,-40.17080779433631,362,125,1238.3923891473585
10%,False,M,10,42,100,1125.1222283181273,1.3193779659679958,-39.45416742568065,340,115,996.7870964382267
10%,False,M,10,63,None,1918.9121502949674,1.3993490950430125,-37.99863044571047,303,117,1790.577018415067
10%,False,M,10,63,20,836.3937256550005,1.219726002846762,-37.218140246732375,344,110,708.0585937750999
10%,False,M,10,63,50,1208.965081166044,1.3315376906785437,-37.21814024673236,312,115,1080.6299492861435
10%,False,M,10,63,100,1389.2006560013044,1.3527019963336822,-37.21814024673238,285,107,1260.865524121404
